-- 유저 멤버테이블

--------------------------------------------------------
--  파일이 생성됨 - 목요일-10월-24-2019   
--------------------------------------------------------
--------------------------------------------------------
--  DDL for Table USER_MEMBER
--------------------------------------------------------

  CREATE TABLE "KH"."USER_MEMBER" 
   (	"MEMBER_NO_SEQ" NUMBER, 
	"MEMBER_ID" VARCHAR2(100 BYTE), 
	"MEMBER_PW" VARCHAR2(100 BYTE), 
	"MEMBER_NAME" VARCHAR2(100 BYTE), 
	"MEMBER_BIRTH" VARCHAR2(100 BYTE), 
	"MEMBER_ADDR" VARCHAR2(300 BYTE), 
	"MEMBER_TEL" VARCHAR2(300 BYTE), 
	"MEMBER_EMAIL" VARCHAR2(300 BYTE), 
	"MEMBER_ENABLED" VARCHAR2(2 BYTE), 
	"MEMBER_GENDER" VARCHAR2(50 BYTE), 
	"MEMBER_POINT" NUMBER, 
	"MEMBER_REGDATE" DATE, 
	"MEMBER_ROLE" VARCHAR2(50 BYTE), 
	"MEMBER_BUIS_NUM" NUMBER
   ) SEGMENT CREATION IMMEDIATE 
  PCTFREE 10 PCTUSED 40 INITRANS 1 MAXTRANS 255 NOCOMPRESS LOGGING
  STORAGE(INITIAL 65536 NEXT 1048576 MINEXTENTS 1 MAXEXTENTS 2147483645
  PCTINCREASE 0 FREELISTS 1 FREELIST GROUPS 1 BUFFER_POOL DEFAULT FLASH_CACHE DEFAULT CELL_FLASH_CACHE DEFAULT)
  TABLESPACE "USERS" ;
  
  CREATE SEQUENCE MEMBERSEQ
  START WITH 200 
  INCREMENT BY 1;


REM INSERTING into KH.USER_MEMBER
SET DEFINE OFF;
Insert into KH.USER_MEMBER (MEMBER_NO_SEQ,MEMBER_ID,MEMBER_PW,MEMBER_NAME,MEMBER_BIRTH,MEMBER_ADDR,MEMBER_TEL,MEMBER_EMAIL,MEMBER_ENABLED,MEMBER_GENDER,MEMBER_POINT,MEMBER_REGDATE,MEMBER_ROLE,MEMBER_BUIS_NUM) values (128,'ijw9209','$2a$10$ra3jvJg.0cZqykWAHIU9GeyWUaNL57q26I3iJdlmyXSrfrcRGDEnC','이재웅','1992-09-01','10296,경기 고양시 덕양구 원당로141번길 48,원당','010-1234-4646','ijw9209@naver.com','Y','남성',1000,to_date('19/10/24','RR/MM/DD'),'ROLE_USER',null);
Insert into KH.USER_MEMBER (MEMBER_NO_SEQ,MEMBER_ID,MEMBER_PW,MEMBER_NAME,MEMBER_BIRTH,MEMBER_ADDR,MEMBER_TEL,MEMBER_EMAIL,MEMBER_ENABLED,MEMBER_GENDER,MEMBER_POINT,MEMBER_REGDATE,MEMBER_ROLE,MEMBER_BUIS_NUM) values (56,'admin1','$2a$10$h/qZRMo..TSp5IlSubuy.OW7/YN0B.DhRgf1wSxwWWJailK5A9FUO','어드민','2019-10-16','13536,경기 성남시 분당구 판교역로 4,어드민','010-8464-6131','admin@naver.com','Y','남성',1000,to_date('19/01/22','RR/MM/DD'),'ROLE_ADMIN',null);
Insert into KH.USER_MEMBER (MEMBER_NO_SEQ,MEMBER_ID,MEMBER_PW,MEMBER_NAME,MEMBER_BIRTH,MEMBER_ADDR,MEMBER_TEL,MEMBER_EMAIL,MEMBER_ENABLED,MEMBER_GENDER,MEMBER_POINT,MEMBER_REGDATE,MEMBER_ROLE,MEMBER_BUIS_NUM) values (57,'user100','$2a$10$gyVRLKa0AKzSijSg0HPnZeGy60YkCB8L.tvmJOgIM/3B5Ir15Z62a','유저','1965-10-21','05843,서울 송파구 성남대로 1541-27,성남동','010-6486-1314','user100@naver.com','N','남성',1000,to_date('19/01/22','RR/MM/DD'),'ROLE_USER',null);
Insert into KH.USER_MEMBER (MEMBER_NO_SEQ,MEMBER_ID,MEMBER_PW,MEMBER_NAME,MEMBER_BIRTH,MEMBER_ADDR,MEMBER_TEL,MEMBER_EMAIL,MEMBER_ENABLED,MEMBER_GENDER,MEMBER_POINT,MEMBER_REGDATE,MEMBER_ROLE,MEMBER_BUIS_NUM) values (1,'buis1','$2a$10$zOOS0mkzFhhFkFb0FUU0W.xDW0RwyuflNzrruKFf2JoVck9YuiotG','이병호','1974-10-16','58326,전남 나주시 문화로 227,(빛가람동,한국농수산식품유통공사)','010-6545-1234','buis1@naver.com','Y','남성',1000,to_date('19/01/22','RR/MM/DD'),'ROLE_BUIS',1234567891231);
Insert into KH.USER_MEMBER (MEMBER_NO_SEQ,MEMBER_ID,MEMBER_PW,MEMBER_NAME,MEMBER_BIRTH,MEMBER_ADDR,MEMBER_TEL,MEMBER_EMAIL,MEMBER_ENABLED,MEMBER_GENDER,MEMBER_POINT,MEMBER_REGDATE,MEMBER_ROLE,MEMBER_BUIS_NUM) values (3,'buis2','$2a$10$zDb0j3mP1OqfRT4TDvRuieg9OOUolsEhreoW7gf389Zwb7jvLOQ5m','이경재','1963-10-09','04369,서울 용산구 백범로90다길 13,(문배동 , 오리온) (주) 오리온','010-4545-3523','buis2@naver.com','Y','남성',1000,to_date('19/01/22','RR/MM/DD'),'ROLE_BUIS',1231241434643);
Insert into KH.USER_MEMBER (MEMBER_NO_SEQ,MEMBER_ID,MEMBER_PW,MEMBER_NAME,MEMBER_BIRTH,MEMBER_ADDR,MEMBER_TEL,MEMBER_EMAIL,MEMBER_ENABLED,MEMBER_GENDER,MEMBER_POINT,MEMBER_REGDATE,MEMBER_ROLE,MEMBER_BUIS_NUM) values (4,'buis3','$2a$10$6wqFtNCGL.RdhRXiPe0uUOptWf8UVcgVW0/wHtYyyJv.TzoZ4iEPm','이인복','1970-10-14','04156,서울 마포구 독막로 311,(염리동, 재화스퀘어) 11층','010-5792-4543','buis3@naver.com','Y','남성',1000,to_date('19/01/22','RR/MM/DD'),'ROLE_BUIS',1234567854321);
Insert into KH.USER_MEMBER (MEMBER_NO_SEQ,MEMBER_ID,MEMBER_PW,MEMBER_NAME,MEMBER_BIRTH,MEMBER_ADDR,MEMBER_TEL,MEMBER_EMAIL,MEMBER_ENABLED,MEMBER_GENDER,MEMBER_POINT,MEMBER_REGDATE,MEMBER_ROLE,MEMBER_BUIS_NUM) values (5,'buis5','$2a$10$KKZTsApXyyKg0RffkDcnR.qAfYGZckrjFnCNbev6bIAh3UvPQOw7K','김봉진','1971-02-18','05544,서울 송파구 위례성대로 2,(방이동) 우아한형제들','010-1275-3543','buis5@naver.com','Y','남성',1000,to_date('19/10/11','RR/MM/DD'),'ROLE_BUIS',1234556467812);
Insert into KH.USER_MEMBER (MEMBER_NO_SEQ,MEMBER_ID,MEMBER_PW,MEMBER_NAME,MEMBER_BIRTH,MEMBER_ADDR,MEMBER_TEL,MEMBER_EMAIL,MEMBER_ENABLED,MEMBER_GENDER,MEMBER_POINT,MEMBER_REGDATE,MEMBER_ROLE,MEMBER_BUIS_NUM) values (6,'buis6','$2a$10$r1sH8lx4dfGeEeeLZ0z0q.zbYNAsZbna43pGMy4BCfSS/0Ua79EY.','이경재','1955-10-12','04369,서울 용산구 백범로90다길 13,(문배동, 오리온) (주)오리온','010-5123-1234','buis6@naver.com','Y','남성',1000,to_date('19/01/22','RR/MM/DD'),'ROLE_BUIS',1234567855555);
Insert into KH.USER_MEMBER (MEMBER_NO_SEQ,MEMBER_ID,MEMBER_PW,MEMBER_NAME,MEMBER_BIRTH,MEMBER_ADDR,MEMBER_TEL,MEMBER_EMAIL,MEMBER_ENABLED,MEMBER_GENDER,MEMBER_POINT,MEMBER_REGDATE,MEMBER_ROLE,MEMBER_BUIS_NUM) values (7,'buis7','$2a$10$vK4okgsRl0WWJAHYgFOAmuqW8RslExlmNYraGAyVU6oszuVgdHeMO','조중기','1974-10-08','06159,서울 강남구 테헤란로77길 7,(삼성동, 동원빌딩) 4층','010-6781-1424','buis7@naver.com','Y','남성',1000,to_date('19/01/22','RR/MM/DD'),'ROLE_BUIS',1241487124123);
Insert into KH.USER_MEMBER (MEMBER_NO_SEQ,MEMBER_ID,MEMBER_PW,MEMBER_NAME,MEMBER_BIRTH,MEMBER_ADDR,MEMBER_TEL,MEMBER_EMAIL,MEMBER_ENABLED,MEMBER_GENDER,MEMBER_POINT,MEMBER_REGDATE,MEMBER_ROLE,MEMBER_BUIS_NUM) values (8,'buis8','$2a$10$AEms5w8nGnJ65rgk9VHylu01GcUdNfXwZD.BbhB1LhhJs/szafdf.','진정호','1961-10-10','03127,서울 종로구 율곡로 194,동관 10층','010-9521-1547','buis8@naver.com','Y','남성',1000,to_date('19/02/11','RR/MM/DD'),'ROLE_BUIS',1235512436546);
Insert into KH.USER_MEMBER (MEMBER_NO_SEQ,MEMBER_ID,MEMBER_PW,MEMBER_NAME,MEMBER_BIRTH,MEMBER_ADDR,MEMBER_TEL,MEMBER_EMAIL,MEMBER_ENABLED,MEMBER_GENDER,MEMBER_POINT,MEMBER_REGDATE,MEMBER_ROLE,MEMBER_BUIS_NUM) values (9,'buis9','$2a$10$b3iJY959kxAlBfzWABrvoOXh83l.Hze2HhOjlg.12sY3IntzTWCSi','권순배','1966-10-12','04513,서울 중구 세종대로 39,대한상공회의소 7층','010-9231-1234','buis9@naver.com','Y','남성',1000,to_date('19/02/11','RR/MM/DD'),'ROLE_BUIS',6544321241241);
Insert into KH.USER_MEMBER (MEMBER_NO_SEQ,MEMBER_ID,MEMBER_PW,MEMBER_NAME,MEMBER_BIRTH,MEMBER_ADDR,MEMBER_TEL,MEMBER_EMAIL,MEMBER_ENABLED,MEMBER_GENDER,MEMBER_POINT,MEMBER_REGDATE,MEMBER_ROLE,MEMBER_BUIS_NUM) values (10,'buis10','$2a$10$9VROK9VyfiVGPvgPhIjql.PC/d4woiYgn/RUaeZAtL7A5dAlBZnhS','유시완','1965-10-14','22742,인천 서구 에코로 181,(경서동, 하나금융그룹통합데이터 센터)','010-9835-1574','buis10@naver.com','Y','남성',1000,to_date('19/02/11','RR/MM/DD'),'ROLE_BUIS',1241487949412);
Insert into KH.USER_MEMBER (MEMBER_NO_SEQ,MEMBER_ID,MEMBER_PW,MEMBER_NAME,MEMBER_BIRTH,MEMBER_ADDR,MEMBER_TEL,MEMBER_EMAIL,MEMBER_ENABLED,MEMBER_GENDER,MEMBER_POINT,MEMBER_REGDATE,MEMBER_ROLE,MEMBER_BUIS_NUM) values (11,'buis11','$2a$10$QTqkY9FLRyFT/MUqOgulP.bmZEu0hdhHtvrulwGyFTIlGD6avyTsK','김중원','1960-10-11','07057,서울 동작구 여의대방로 112,농심사옥 11층','010-6579-5313','buis11@naver.com','Y','남성',1000,to_date('19/02/11','RR/MM/DD'),'ROLE_BUIS',1234412436546);
Insert into KH.USER_MEMBER (MEMBER_NO_SEQ,MEMBER_ID,MEMBER_PW,MEMBER_NAME,MEMBER_BIRTH,MEMBER_ADDR,MEMBER_TEL,MEMBER_EMAIL,MEMBER_ENABLED,MEMBER_GENDER,MEMBER_POINT,MEMBER_REGDATE,MEMBER_ROLE,MEMBER_BUIS_NUM) values (12,'buis12','$2a$10$8P40IvhsZcqrcrrJ5COWZOk0lRIYNFO855KF/V3L6GT37hDcWgMfC','변유신','1974-03-06','03911,서울 마포구 매봉산로 18,(상암동, 마포창업복지관) 6층 604호','010-5464-7872','buis12@naver.com','Y','남성',1000,to_date('19/02/11','RR/MM/DD'),'ROLE_BUIS',1422141242131);
Insert into KH.USER_MEMBER (MEMBER_NO_SEQ,MEMBER_ID,MEMBER_PW,MEMBER_NAME,MEMBER_BIRTH,MEMBER_ADDR,MEMBER_TEL,MEMBER_EMAIL,MEMBER_ENABLED,MEMBER_GENDER,MEMBER_POINT,MEMBER_REGDATE,MEMBER_ROLE,MEMBER_BUIS_NUM) values (13,'buis13','$2a$10$RQVbxS/MufFJUxLdSLFpK.UjPDYLlO6Zm50voajfPwUMmF7aX6GlW','권혁상','1965-10-20','07557,서울 강서구 공항대로 665, KCC오토타워 8층','010-1222-8734','buis13@naver.com','Y','남성',1000,to_date('19/03/11','RR/MM/DD'),'ROLE_BUIS',1231241213124);
Insert into KH.USER_MEMBER (MEMBER_NO_SEQ,MEMBER_ID,MEMBER_PW,MEMBER_NAME,MEMBER_BIRTH,MEMBER_ADDR,MEMBER_TEL,MEMBER_EMAIL,MEMBER_ENABLED,MEMBER_GENDER,MEMBER_POINT,MEMBER_REGDATE,MEMBER_ROLE,MEMBER_BUIS_NUM) values (14,'buis14','$2a$10$6fJoLO75HtuHFY5fK3xLHepIQdSPrNWNdct104/4Cddz8kSqAjzAO','신지현','1983-10-12','06133,서울 강남구 테헤란로 129,(역삼동) 강남N타워 8층','010-5246-4754','buis14@naver.com','Y','남성',1000,to_date('19/03/11','RR/MM/DD'),'ROLE_BUIS',4363463213343);
Insert into KH.USER_MEMBER (MEMBER_NO_SEQ,MEMBER_ID,MEMBER_PW,MEMBER_NAME,MEMBER_BIRTH,MEMBER_ADDR,MEMBER_TEL,MEMBER_EMAIL,MEMBER_ENABLED,MEMBER_GENDER,MEMBER_POINT,MEMBER_REGDATE,MEMBER_ROLE,MEMBER_BUIS_NUM) values (15,'buis15','$2a$10$t6bWl8/okVKx8LsTFgk.ouXULMj0eZmKpeNEAaqKkc9x29e6F8di2','김용광','1963-10-17','06349,서울 강남구 광평로 281,(수서동) 수서오피스빌딩 15층','010-6578-8974','buis15@naver.com','Y','남성',1000,to_date('19/03/11','RR/MM/DD'),'ROLE_BUIS',7867645244212);
Insert into KH.USER_MEMBER (MEMBER_NO_SEQ,MEMBER_ID,MEMBER_PW,MEMBER_NAME,MEMBER_BIRTH,MEMBER_ADDR,MEMBER_TEL,MEMBER_EMAIL,MEMBER_ENABLED,MEMBER_GENDER,MEMBER_POINT,MEMBER_REGDATE,MEMBER_ROLE,MEMBER_BUIS_NUM) values (16,'buis16','$2a$10$zf8yVw0S0foutxVVyl6qVOYasG/a62sdbcyNq0wI3ku2ceUDcdVRm','김범수','1969-10-15','04172,서울 마포구 삼개로 21,(도화동, 근신제2별관) 501','010-5421-4546','buis16@naver.com','Y','남성',1000,to_date('19/03/11','RR/MM/DD'),'ROLE_BUIS',4654613131654);
Insert into KH.USER_MEMBER (MEMBER_NO_SEQ,MEMBER_ID,MEMBER_PW,MEMBER_NAME,MEMBER_BIRTH,MEMBER_ADDR,MEMBER_TEL,MEMBER_EMAIL,MEMBER_ENABLED,MEMBER_GENDER,MEMBER_POINT,MEMBER_REGDATE,MEMBER_ROLE,MEMBER_BUIS_NUM) values (17,'buis17','$2a$10$C46Oh9ujVqGhCZ1dc6usQ.GBKBbnKJtB2PJ.GASTrPUxxWWus2nYe','김태극','1967-10-11','04637,서울 중구 후암로 110,(남대문로5가, 서울시티타워) 10층','010-5222-4784','buis17@naver.com','Y','남성',1000,to_date('19/03/11','RR/MM/DD'),'ROLE_BUIS',1264452436546);
Insert into KH.USER_MEMBER (MEMBER_NO_SEQ,MEMBER_ID,MEMBER_PW,MEMBER_NAME,MEMBER_BIRTH,MEMBER_ADDR,MEMBER_TEL,MEMBER_EMAIL,MEMBER_ENABLED,MEMBER_GENDER,MEMBER_POINT,MEMBER_REGDATE,MEMBER_ROLE,MEMBER_BUIS_NUM) values (18,'buis18','$2a$10$vAhCZP1naSnvfmrqAumcG.yk7EigWWvFYBRSqoLVZtgnsb9qcgp06','하정수','1961-10-10','06181,서울 강남구 영동대로 429,(대치동, 세아빌딩) 세아빌딩','010-8522-2164','buis18@naver.com','Y','남성',1000,to_date('19/03/11','RR/MM/DD'),'ROLE_BUIS',2165464647985);
Insert into KH.USER_MEMBER (MEMBER_NO_SEQ,MEMBER_ID,MEMBER_PW,MEMBER_NAME,MEMBER_BIRTH,MEMBER_ADDR,MEMBER_TEL,MEMBER_EMAIL,MEMBER_ENABLED,MEMBER_GENDER,MEMBER_POINT,MEMBER_REGDATE,MEMBER_ROLE,MEMBER_BUIS_NUM) values (19,'buis19','$2a$10$jc7ovTteTDLF6P0FcYO/XemNUGAuijGY774ac8F6c.76Zlns7IHjq','이동빈','1971-10-12','05510,서울 송파구 오금로 62,(신천동, 수협중앙회빌딩) 수협은행','010-5553-4873','buis19@naver.com','Y','남성',1000,to_date('19/04/11','RR/MM/DD'),'ROLE_BUIS',1241424224222);
Insert into KH.USER_MEMBER (MEMBER_NO_SEQ,MEMBER_ID,MEMBER_PW,MEMBER_NAME,MEMBER_BIRTH,MEMBER_ADDR,MEMBER_TEL,MEMBER_EMAIL,MEMBER_ENABLED,MEMBER_GENDER,MEMBER_POINT,MEMBER_REGDATE,MEMBER_ROLE,MEMBER_BUIS_NUM) values (20,'buis21','$2a$10$PZtms6Kn9x5GfjZ7IeLqqODMSMDEFd8PWg6Sm4/uzUcSoix8IIVye','권치중','1967-10-11','13493,경기 성남시 분당구 판교역로 220,안랩','010-8646-7848','buis21@naver.com','Y','남성',1000,to_date('19/04/11','RR/MM/DD'),'ROLE_BUIS',8794613131324);
Insert into KH.USER_MEMBER (MEMBER_NO_SEQ,MEMBER_ID,MEMBER_PW,MEMBER_NAME,MEMBER_BIRTH,MEMBER_ADDR,MEMBER_TEL,MEMBER_EMAIL,MEMBER_ENABLED,MEMBER_GENDER,MEMBER_POINT,MEMBER_REGDATE,MEMBER_ROLE,MEMBER_BUIS_NUM) values (21,'buis20','$2a$10$GqrbemFNMt6IC7qN6kNEk.NH4KaXc9cOyXYAIAXm7AKKj26eSjcyO','정승식','1976-04-22','13487,경기 성남시 분당구 판교로228번길 17,마이다스아이티 3층','010-6876-1354','buis20@naver.com','Y','남성',1000,to_date('19/04/11','RR/MM/DD'),'ROLE_BUIS',4679676464312);
Insert into KH.USER_MEMBER (MEMBER_NO_SEQ,MEMBER_ID,MEMBER_PW,MEMBER_NAME,MEMBER_BIRTH,MEMBER_ADDR,MEMBER_TEL,MEMBER_EMAIL,MEMBER_ENABLED,MEMBER_GENDER,MEMBER_POINT,MEMBER_REGDATE,MEMBER_ROLE,MEMBER_BUIS_NUM) values (22,'buis22','$2a$10$A0vqZ6fx1jCQK//DVG6mxu6tQhQfmKRhRYyQuzmg4NVvivBkiGC5K','박세환','1967-10-11','06097,서울 강남구 봉은사로67길 7,이룸빌딩 5층','010-5548-8464','buis22@naver.com','Y','남성',1000,to_date('19/04/11','RR/MM/DD'),'ROLE_BUIS',9749416413136);
Insert into KH.USER_MEMBER (MEMBER_NO_SEQ,MEMBER_ID,MEMBER_PW,MEMBER_NAME,MEMBER_BIRTH,MEMBER_ADDR,MEMBER_TEL,MEMBER_EMAIL,MEMBER_ENABLED,MEMBER_GENDER,MEMBER_POINT,MEMBER_REGDATE,MEMBER_ROLE,MEMBER_BUIS_NUM) values (23,'buis23','$2a$10$kH921WCGtuHKdd5432lml.EYsOwdlAO0NNdCIIu6sUr/AnvufoMUC','오재명','1962-10-17','06996,서울 동작구 동작대로35가길 8,지하 1층 (주)뮤직엔닷컴','010-6684-4134','buis23@naver.com','Y','남성',1000,to_date('19/05/11','RR/MM/DD'),'ROLE_BUIS',4546464848797);
Insert into KH.USER_MEMBER (MEMBER_NO_SEQ,MEMBER_ID,MEMBER_PW,MEMBER_NAME,MEMBER_BIRTH,MEMBER_ADDR,MEMBER_TEL,MEMBER_EMAIL,MEMBER_ENABLED,MEMBER_GENDER,MEMBER_POINT,MEMBER_REGDATE,MEMBER_ROLE,MEMBER_BUIS_NUM) values (24,'buis25','$2a$10$lycL0BE/9nttRAqHVuOwSu6nqSHtpVuHqipL176xM.6VnZ/li49qa','박경서','1970-03-24','04629,서울 중구 소파로 143,(대한적십자사)','010-2467-8887','buis25@naver.com','Y','남성',1000,to_date('19/05/11','RR/MM/DD'),'ROLE_BUIS',5464968464613);
Insert into KH.USER_MEMBER (MEMBER_NO_SEQ,MEMBER_ID,MEMBER_PW,MEMBER_NAME,MEMBER_BIRTH,MEMBER_ADDR,MEMBER_TEL,MEMBER_EMAIL,MEMBER_ENABLED,MEMBER_GENDER,MEMBER_POINT,MEMBER_REGDATE,MEMBER_ROLE,MEMBER_BUIS_NUM) values (25,'buis24','$2a$10$Sy495LP7Dfv1q9lSmB7g6eiQxzZxXCG/q3VL0yi08fsWnN01F85.q','한설희','1967-10-17','05030,서울 광진구 능동로 120-1,(화양동, 건국대학교병원)','010-5546-8887','buis24@naver.com','Y','여성',1000,to_date('19/05/11','RR/MM/DD'),'ROLE_BUIS',4894946413132);
Insert into KH.USER_MEMBER (MEMBER_NO_SEQ,MEMBER_ID,MEMBER_PW,MEMBER_NAME,MEMBER_BIRTH,MEMBER_ADDR,MEMBER_TEL,MEMBER_EMAIL,MEMBER_ENABLED,MEMBER_GENDER,MEMBER_POINT,MEMBER_REGDATE,MEMBER_ROLE,MEMBER_BUIS_NUM) values (26,'buis26','$2a$10$1F6WYVb8F22gurghaC.rGO/KRsMjlhYm8EB3VpWOm0YBBYWS0Ii1e','박수완','1969-10-16','08708,서울 관악구 보라매로5가길 7 (봉천동, 캐릭터그린빌),대교타워','010-5467-8874','buis26@naver.com','Y','남성',1000,to_date('19/06/11','RR/MM/DD'),'ROLE_BUIS',8979463131664);
Insert into KH.USER_MEMBER (MEMBER_NO_SEQ,MEMBER_ID,MEMBER_PW,MEMBER_NAME,MEMBER_BIRTH,MEMBER_ADDR,MEMBER_TEL,MEMBER_EMAIL,MEMBER_ENABLED,MEMBER_GENDER,MEMBER_POINT,MEMBER_REGDATE,MEMBER_ROLE,MEMBER_BUIS_NUM) values (27,'buis27','$2a$10$9XMsmqsTkFdVhaMshFEWG.v.tgJYxFx7NpZzkkLW50baIvgHK9JQm','이승환','1973-10-08','06025,서울 강남구 논현로 842,(신사동) 압구정빌딩 8층','010-8554-8887','buis27@naver.com','Y','남성',1000,to_date('19/06/11','RR/MM/DD'),'ROLE_BUIS',4646461303132);
Insert into KH.USER_MEMBER (MEMBER_NO_SEQ,MEMBER_ID,MEMBER_PW,MEMBER_NAME,MEMBER_BIRTH,MEMBER_ADDR,MEMBER_TEL,MEMBER_EMAIL,MEMBER_ENABLED,MEMBER_GENDER,MEMBER_POINT,MEMBER_REGDATE,MEMBER_ROLE,MEMBER_BUIS_NUM) values (28,'buis28','$2a$10$zklcJp.76a1pZx7krNJpN.oHivKf6Hxv4TakiOcKwzjI/eRC7S1TG','김택진','1962-10-11','13494,경기 성남시 분당구 대왕판교로644번길 12,엔씨소프트','010-8876-1134','buis28@naver.com','Y','남성',1000,to_date('19/06/11','RR/MM/DD'),'ROLE_BUIS',8998731316464);
Insert into KH.USER_MEMBER (MEMBER_NO_SEQ,MEMBER_ID,MEMBER_PW,MEMBER_NAME,MEMBER_BIRTH,MEMBER_ADDR,MEMBER_TEL,MEMBER_EMAIL,MEMBER_ENABLED,MEMBER_GENDER,MEMBER_POINT,MEMBER_REGDATE,MEMBER_ROLE,MEMBER_BUIS_NUM) values (29,'buis29','$2a$10$A0x92PQOg6LmXr9ka8eGHOJ1oX9mewX9OXgv3LTDSkEDY7fb5sGdm','구오하이빈','1965-10-12','06210,서울 강남구 테헤란로44길 8,아이콘역삼빌딩 15층','010-1240-8764','buis29@naver.com','Y','남성',1000,to_date('19/07/11','RR/MM/DD'),'ROLE_BUIS',6979764613131);
Insert into KH.USER_MEMBER (MEMBER_NO_SEQ,MEMBER_ID,MEMBER_PW,MEMBER_NAME,MEMBER_BIRTH,MEMBER_ADDR,MEMBER_TEL,MEMBER_EMAIL,MEMBER_ENABLED,MEMBER_GENDER,MEMBER_POINT,MEMBER_REGDATE,MEMBER_ROLE,MEMBER_BUIS_NUM) values (30,'buis30','$2a$10$vORFsvDwe1QVZoe9zkTaqOk7/AwqMfEMk7f3whj.Zl7XTnqInzCgK','문윤호','1972-10-04','22110,인천 미추홀구 염전로 114,모리스빌딩 (주)모리스','010-8546-9697','buis30@naver.com','Y','남성',1000,to_date('19/07/11','RR/MM/DD'),'ROLE_BUIS',7976161313131);
Insert into KH.USER_MEMBER (MEMBER_NO_SEQ,MEMBER_ID,MEMBER_PW,MEMBER_NAME,MEMBER_BIRTH,MEMBER_ADDR,MEMBER_TEL,MEMBER_EMAIL,MEMBER_ENABLED,MEMBER_GENDER,MEMBER_POINT,MEMBER_REGDATE,MEMBER_ROLE,MEMBER_BUIS_NUM) values (31,'buis31','$2a$10$pEBhjGyifDHFtNeo2ypRVe1050awlZHm8YpVlFwc97sJCwJnj1e/C','김익환','1976-02-10','07238,서울 영등포구 은행로 29,3층','010-5546-3131','buis31@naver.com','Y','남성',1000,to_date('19/07/11','RR/MM/DD'),'ROLE_BUIS',7946131313131);
Insert into KH.USER_MEMBER (MEMBER_NO_SEQ,MEMBER_ID,MEMBER_PW,MEMBER_NAME,MEMBER_BIRTH,MEMBER_ADDR,MEMBER_TEL,MEMBER_EMAIL,MEMBER_ENABLED,MEMBER_GENDER,MEMBER_POINT,MEMBER_REGDATE,MEMBER_ROLE,MEMBER_BUIS_NUM) values (32,'buis32','$2a$10$cbdv3JRf/3/PcTedgbw.2uTgE2jaZbKEhbUYTEYmiWiNpUugJJKTe','현승원','1964-04-16','05551,서울 송파구 올림픽로 300,(신천동, 롯데월드타워앤드롯데월드몰) 35층 디쉐어','010-2225-6343','buis32@naver.com','Y','남성',1000,to_date('19/07/11','RR/MM/DD'),'ROLE_BUIS',9764313979464);
Insert into KH.USER_MEMBER (MEMBER_NO_SEQ,MEMBER_ID,MEMBER_PW,MEMBER_NAME,MEMBER_BIRTH,MEMBER_ADDR,MEMBER_TEL,MEMBER_EMAIL,MEMBER_ENABLED,MEMBER_GENDER,MEMBER_POINT,MEMBER_REGDATE,MEMBER_ROLE,MEMBER_BUIS_NUM) values (33,'buis33','$2a$10$IeYu/zq3OPzpL7x7x4cBKOu4p4K.YOCrzry8BdxLKQOUmieHaYQre','이현덕','1976-10-05','17709,경기 평택시 진위면 진위산단로 75,(청호리) (주)원익아이피에스','010-9869-5859','buis33@naver.com','Y','남성',1000,to_date('19/07/11','RR/MM/DD'),'ROLE_BUIS',9463131313131);
Insert into KH.USER_MEMBER (MEMBER_NO_SEQ,MEMBER_ID,MEMBER_PW,MEMBER_NAME,MEMBER_BIRTH,MEMBER_ADDR,MEMBER_TEL,MEMBER_EMAIL,MEMBER_ENABLED,MEMBER_GENDER,MEMBER_POINT,MEMBER_REGDATE,MEMBER_ROLE,MEMBER_BUIS_NUM) values (34,'buis34','$2a$10$dd4gkaV30Br51EFPq9NfLuEgnPDw3PdpOQ.3oYcW4my1gkvBIHrKW','권병일','1980-05-22','04056,서울 마포구 신촌로6길 5,2층','010-9664-7414','buis34@naver.com','Y','남성',1000,to_date('19/08/11','RR/MM/DD'),'ROLE_BUIS',9765431313165);
Insert into KH.USER_MEMBER (MEMBER_NO_SEQ,MEMBER_ID,MEMBER_PW,MEMBER_NAME,MEMBER_BIRTH,MEMBER_ADDR,MEMBER_TEL,MEMBER_EMAIL,MEMBER_ENABLED,MEMBER_GENDER,MEMBER_POINT,MEMBER_REGDATE,MEMBER_ROLE,MEMBER_BUIS_NUM) values (35,'buis35','$2a$10$nWklb9BW443LwAmJgHbsluTW1CcPtmABwGHGxwR.c9VlrK2PmGKi2','최종성','1978-03-08','07327,서울 영등포구 국제금융로 24,여의도동, 유진빌딩) 유진빌딩','010-5548-3131','buis35@naver.com','Y','남성',1000,to_date('19/08/11','RR/MM/DD'),'ROLE_BUIS',6464131316463);
Insert into KH.USER_MEMBER (MEMBER_NO_SEQ,MEMBER_ID,MEMBER_PW,MEMBER_NAME,MEMBER_BIRTH,MEMBER_ADDR,MEMBER_TEL,MEMBER_EMAIL,MEMBER_ENABLED,MEMBER_GENDER,MEMBER_POINT,MEMBER_REGDATE,MEMBER_ROLE,MEMBER_BUIS_NUM) values (39,'buis39','$2a$10$63ncElAozIWsF6L7VZbJpeD4q.vbFF.SLOqLnhGgKaALIi0feDGJS','민동욱','1962-04-11','08511,서울 금천구 디지털로9길 47,한신 IT 타워 2차 11층','010-4771-2939','buis39@naver.com','Y','남성',1000,to_date('19/08/11','RR/MM/DD'),'ROLE_BUIS',1824982104812);
Insert into KH.USER_MEMBER (MEMBER_NO_SEQ,MEMBER_ID,MEMBER_PW,MEMBER_NAME,MEMBER_BIRTH,MEMBER_ADDR,MEMBER_TEL,MEMBER_EMAIL,MEMBER_ENABLED,MEMBER_GENDER,MEMBER_POINT,MEMBER_REGDATE,MEMBER_ROLE,MEMBER_BUIS_NUM) values (37,'user1','$2a$10$C1WS1IEiAsWzOQemeTx.jOp7Nk9iTPh7wMrBDa.B3hZDvyjbUZWZq','유저1','2007-10-09','12469,경기 가평군 설악면 가마소길 17-29,가마소길','010-4321-1234','user1','Y','남성',1000,to_date('19/10/12','RR/MM/DD'),'ROLE_USER',null);
Insert into KH.USER_MEMBER (MEMBER_NO_SEQ,MEMBER_ID,MEMBER_PW,MEMBER_NAME,MEMBER_BIRTH,MEMBER_ADDR,MEMBER_TEL,MEMBER_EMAIL,MEMBER_ENABLED,MEMBER_GENDER,MEMBER_POINT,MEMBER_REGDATE,MEMBER_ROLE,MEMBER_BUIS_NUM) values (38,'buis38','$2a$10$OiTET8E75WJoE.9jdmTYg.S3blJS2khVhgJsptzxP7ZdaP4h4Eohm','오철','1974-09-26','06642,서울 서초구 사임당로 112,삼원 SD','010-7492-9191','buis38@naver.com','Y','남성',1000,to_date('19/09/14','RR/MM/DD'),'ROLE_BUIS',1209840181829);
Insert into KH.USER_MEMBER (MEMBER_NO_SEQ,MEMBER_ID,MEMBER_PW,MEMBER_NAME,MEMBER_BIRTH,MEMBER_ADDR,MEMBER_TEL,MEMBER_EMAIL,MEMBER_ENABLED,MEMBER_GENDER,MEMBER_POINT,MEMBER_REGDATE,MEMBER_ROLE,MEMBER_BUIS_NUM) values (40,'buis40','$2a$10$PGbe/p/S/x6K8k7H79oIIuyx7MyO65gpVO0GcxsTwip8NmiJzFc7K','김성용','1968-07-18','13461,경기 성남시 분당구 운중로 135,(운중동, 더원스퀘어)7-10층','010-4882-1010','buis40@naver.com','Y','남성',1000,to_date('19/09/14','RR/MM/DD'),'ROLE_BUIS',3489481080182);
Insert into KH.USER_MEMBER (MEMBER_NO_SEQ,MEMBER_ID,MEMBER_PW,MEMBER_NAME,MEMBER_BIRTH,MEMBER_ADDR,MEMBER_TEL,MEMBER_EMAIL,MEMBER_ENABLED,MEMBER_GENDER,MEMBER_POINT,MEMBER_REGDATE,MEMBER_ROLE,MEMBER_BUIS_NUM) values (41,'buis41','$2a$10$UZJIFptnnJqLuLs6IN0.R.r1slnpGOESa3X/qJKJsWkE6GT9Y9xPO','이영수','1958-04-16','07649,서울 강서구 공항대로 396,(주)귀뚜라미','010-8408-2928','buis41@naver.com','Y','남성',1000,to_date('19/09/14','RR/MM/DD'),'ROLE_BUIS',8510803184011);
Insert into KH.USER_MEMBER (MEMBER_NO_SEQ,MEMBER_ID,MEMBER_PW,MEMBER_NAME,MEMBER_BIRTH,MEMBER_ADDR,MEMBER_TEL,MEMBER_EMAIL,MEMBER_ENABLED,MEMBER_GENDER,MEMBER_POINT,MEMBER_REGDATE,MEMBER_ROLE,MEMBER_BUIS_NUM) values (42,'buis42','$2a$10$gcnWvZSuaBjXWcuSrIN3H.m2JjaxmvTsDpRWwqRrifriHjEod5uCe','우종인','1968-05-16','06178,서울 강남구 삼성로 438,도화타워','010-8848-2292','buis42@naver.com','Y','남성',1000,to_date('19/10/14','RR/MM/DD'),'ROLE_BUIS',2849840810802);
Insert into KH.USER_MEMBER (MEMBER_NO_SEQ,MEMBER_ID,MEMBER_PW,MEMBER_NAME,MEMBER_BIRTH,MEMBER_ADDR,MEMBER_TEL,MEMBER_EMAIL,MEMBER_ENABLED,MEMBER_GENDER,MEMBER_POINT,MEMBER_REGDATE,MEMBER_ROLE,MEMBER_BUIS_NUM) values (43,'buis43','$2a$10$D0R/BGKkHVuJ54hnGh.SEOukk7GdLo5S/EBkeRTkE9fVZA5ruQKXm','신상용','1968-10-10','06119,서울 강남구 강남대로122길 22,미래빌딩2층','010-5849-1929','buis43@naver.com','Y','남성',1000,to_date('19/10/14','RR/MM/DD'),'ROLE_BUIS',2840148018041);
Insert into KH.USER_MEMBER (MEMBER_NO_SEQ,MEMBER_ID,MEMBER_PW,MEMBER_NAME,MEMBER_BIRTH,MEMBER_ADDR,MEMBER_TEL,MEMBER_EMAIL,MEMBER_ENABLED,MEMBER_GENDER,MEMBER_POINT,MEMBER_REGDATE,MEMBER_ROLE,MEMBER_BUIS_NUM) values (44,'buis44','$2a$10$J01hVzhGqCRIqWci8VUfOecYPChMxnWDA02fLUgFpVWEGG.UjyPUW','장복만','1979-05-16','48272,부산 수영구 수영로 754 (민락동, 센텀비스타동원),(민락동, 센텀비스타동원) 9층','010-8429-1010','buis44@naver.com','Y','남성',1000,to_date('19/10/14','RR/MM/DD'),'ROLE_BUIS',4801280184084);
Insert into KH.USER_MEMBER (MEMBER_NO_SEQ,MEMBER_ID,MEMBER_PW,MEMBER_NAME,MEMBER_BIRTH,MEMBER_ADDR,MEMBER_TEL,MEMBER_EMAIL,MEMBER_ENABLED,MEMBER_GENDER,MEMBER_POINT,MEMBER_REGDATE,MEMBER_ROLE,MEMBER_BUIS_NUM) values (45,'buis45','$2a$10$TklE0QceIdQ39b2BKwUa/OopzzS38HS.zgLLxSQSaFOlLerPL.Szi','김지연','1973-02-06','13572,경기 성남시 분당구 안골로 24,푸드빌3층','010-4892-1010','buis45@naver.com','Y','여성',1000,to_date('19/10/14','RR/MM/DD'),'ROLE_BUIS',8948048028122);
Insert into KH.USER_MEMBER (MEMBER_NO_SEQ,MEMBER_ID,MEMBER_PW,MEMBER_NAME,MEMBER_BIRTH,MEMBER_ADDR,MEMBER_TEL,MEMBER_EMAIL,MEMBER_ENABLED,MEMBER_GENDER,MEMBER_POINT,MEMBER_REGDATE,MEMBER_ROLE,MEMBER_BUIS_NUM) values (46,'buis46','$2a$10$72AeUzPkAI7QUFneGP6kXu6yKOQB72PGAWvB232Ackq2uy/ESZ1/G','송지헌','1974-04-17','06050,서울 강남구 언주로 711,(논현동, 건설회관) 10층 오피스디포코리아','010-2384-2993','buis46@naver.com','Y','남성',1000,to_date('19/10/14','RR/MM/DD'),'ROLE_BUIS',4801280823010);
Insert into KH.USER_MEMBER (MEMBER_NO_SEQ,MEMBER_ID,MEMBER_PW,MEMBER_NAME,MEMBER_BIRTH,MEMBER_ADDR,MEMBER_TEL,MEMBER_EMAIL,MEMBER_ENABLED,MEMBER_GENDER,MEMBER_POINT,MEMBER_REGDATE,MEMBER_ROLE,MEMBER_BUIS_NUM) values (54,'NaverSns43312069','$2a$10$ra3jvJg.0cZqykWAHIU9GeyWUaNL57q26I3iJdlmyXSrfrcRGDEnC','이재웅','1990-09-05','10441,경기 고양시 덕양구 강매로 55-14,대기빌라','010-8817-4142','ijw9209@naver.com','Y','남성',1000,to_date('19/10/19','RR/MM/DD'),'ROLE_USER',null);
Insert into KH.USER_MEMBER (MEMBER_NO_SEQ,MEMBER_ID,MEMBER_PW,MEMBER_NAME,MEMBER_BIRTH,MEMBER_ADDR,MEMBER_TEL,MEMBER_EMAIL,MEMBER_ENABLED,MEMBER_GENDER,MEMBER_POINT,MEMBER_REGDATE,MEMBER_ROLE,MEMBER_BUIS_NUM) values (58,'user2','$2a$10$gyVRLKa0AKzSijSg0HPnZeGy60YkCB8L.tvmJOgIM/3B5Ir15Z62a','유저2','1966-01-13','05843,서울 송파구 성남대로 1541-27,성남동','010-6464-2222','user2@naver.com','Y','남성',1000,to_date('19/01/12','RR/MM/DD'),'ROLE_USER',null);
Insert into KH.USER_MEMBER (MEMBER_NO_SEQ,MEMBER_ID,MEMBER_PW,MEMBER_NAME,MEMBER_BIRTH,MEMBER_ADDR,MEMBER_TEL,MEMBER_EMAIL,MEMBER_ENABLED,MEMBER_GENDER,MEMBER_POINT,MEMBER_REGDATE,MEMBER_ROLE,MEMBER_BUIS_NUM) values (59,'user3','$2a$10$gyVRLKa0AKzSijSg0HPnZeGy60YkCB8L.tvmJOgIM/3B5Ir15Z62a','유저3','1997-01-30','05843,서울 송파구 성남대로 1541-27,성남동','010-5546-2467','user3@naver.com','Y','남성',1000,to_date('19/07/20','RR/MM/DD'),'ROLE_USER',null);
Insert into KH.USER_MEMBER (MEMBER_NO_SEQ,MEMBER_ID,MEMBER_PW,MEMBER_NAME,MEMBER_BIRTH,MEMBER_ADDR,MEMBER_TEL,MEMBER_EMAIL,MEMBER_ENABLED,MEMBER_GENDER,MEMBER_POINT,MEMBER_REGDATE,MEMBER_ROLE,MEMBER_BUIS_NUM) values (60,'user4','$2a$10$gyVRLKa0AKzSijSg0HPnZeGy60YkCB8L.tvmJOgIM/3B5Ir15Z62a','유저4','1997-01-30','05843,서울 송파구 성남대로 1541-27,성남동','010-5546-2467','user3@naver.com','Y','남성',1000,to_date('19/07/20','RR/MM/DD'),'ROLE_USER',null);
Insert into KH.USER_MEMBER (MEMBER_NO_SEQ,MEMBER_ID,MEMBER_PW,MEMBER_NAME,MEMBER_BIRTH,MEMBER_ADDR,MEMBER_TEL,MEMBER_EMAIL,MEMBER_ENABLED,MEMBER_GENDER,MEMBER_POINT,MEMBER_REGDATE,MEMBER_ROLE,MEMBER_BUIS_NUM) values (61,'user5','$2a$10$gyVRLKa0AKzSijSg0HPnZeGy60YkCB8L.tvmJOgIM/3B5Ir15Z62a','유저','1997-01-30','05843,서울 송파구 성남대로 1541-27,성남동','010-5546-2467','user3@naver.com','Y','여자',1000,to_date('19/07/20','RR/MM/DD'),'ROLE_USER',null);
Insert into KH.USER_MEMBER (MEMBER_NO_SEQ,MEMBER_ID,MEMBER_PW,MEMBER_NAME,MEMBER_BIRTH,MEMBER_ADDR,MEMBER_TEL,MEMBER_EMAIL,MEMBER_ENABLED,MEMBER_GENDER,MEMBER_POINT,MEMBER_REGDATE,MEMBER_ROLE,MEMBER_BUIS_NUM) values (62,'user6','$2a$10$gyVRLKa0AKzSijSg0HPnZeGy60YkCB8L.tvmJOgIM/3B5Ir15Z62a','유저','1997-01-30','05843,서울 송파구 성남대로 1541-27,성남동','010-5546-2467','user3@naver.com','Y','남성',1000,to_date('19/01/20','RR/MM/DD'),'ROLE_USER',null);
Insert into KH.USER_MEMBER (MEMBER_NO_SEQ,MEMBER_ID,MEMBER_PW,MEMBER_NAME,MEMBER_BIRTH,MEMBER_ADDR,MEMBER_TEL,MEMBER_EMAIL,MEMBER_ENABLED,MEMBER_GENDER,MEMBER_POINT,MEMBER_REGDATE,MEMBER_ROLE,MEMBER_BUIS_NUM) values (63,'user7','$2a$10$gyVRLKa0AKzSijSg0HPnZeGy60YkCB8L.tvmJOgIM/3B5Ir15Z62a','유저','1997-01-30','05843,서울 송파구 성남대로 1541-27,성남동','010-5546-2467','user3@naver.com','Y','남성',1000,to_date('19/01/20','RR/MM/DD'),'ROLE_USER',null);
Insert into KH.USER_MEMBER (MEMBER_NO_SEQ,MEMBER_ID,MEMBER_PW,MEMBER_NAME,MEMBER_BIRTH,MEMBER_ADDR,MEMBER_TEL,MEMBER_EMAIL,MEMBER_ENABLED,MEMBER_GENDER,MEMBER_POINT,MEMBER_REGDATE,MEMBER_ROLE,MEMBER_BUIS_NUM) values (64,'user8','$2a$10$gyVRLKa0AKzSijSg0HPnZeGy60YkCB8L.tvmJOgIM/3B5Ir15Z62a','유저','2007-10-08','05843,서울 송파구 성남대로 1541-27,성남동','010-5546-2467','user3@naver.com','Y','여자',1000,to_date('19/01/20','RR/MM/DD'),'ROLE_USER',null);
Insert into KH.USER_MEMBER (MEMBER_NO_SEQ,MEMBER_ID,MEMBER_PW,MEMBER_NAME,MEMBER_BIRTH,MEMBER_ADDR,MEMBER_TEL,MEMBER_EMAIL,MEMBER_ENABLED,MEMBER_GENDER,MEMBER_POINT,MEMBER_REGDATE,MEMBER_ROLE,MEMBER_BUIS_NUM) values (65,'user9','$2a$10$gyVRLKa0AKzSijSg0HPnZeGy60YkCB8L.tvmJOgIM/3B5Ir15Z62a','유저','1997-01-30','05843,서울 송파구 성남대로 1541-27,성남동','010-5546-2467','user3@naver.com','Y','남성',1000,to_date('19/01/20','RR/MM/DD'),'ROLE_USER',null);
Insert into KH.USER_MEMBER (MEMBER_NO_SEQ,MEMBER_ID,MEMBER_PW,MEMBER_NAME,MEMBER_BIRTH,MEMBER_ADDR,MEMBER_TEL,MEMBER_EMAIL,MEMBER_ENABLED,MEMBER_GENDER,MEMBER_POINT,MEMBER_REGDATE,MEMBER_ROLE,MEMBER_BUIS_NUM) values (66,'user10','$2a$10$gyVRLKa0AKzSijSg0HPnZeGy60YkCB8L.tvmJOgIM/3B5Ir15Z62a','유저','1997-01-30','05843,서울 송파구 성남대로 1541-27,성남동','010-5546-2467','user3@naver.com','Y','남성',1000,to_date('19/02/20','RR/MM/DD'),'ROLE_USER',null);
Insert into KH.USER_MEMBER (MEMBER_NO_SEQ,MEMBER_ID,MEMBER_PW,MEMBER_NAME,MEMBER_BIRTH,MEMBER_ADDR,MEMBER_TEL,MEMBER_EMAIL,MEMBER_ENABLED,MEMBER_GENDER,MEMBER_POINT,MEMBER_REGDATE,MEMBER_ROLE,MEMBER_BUIS_NUM) values (67,'user11','$2a$10$gyVRLKa0AKzSijSg0HPnZeGy60YkCB8L.tvmJOgIM/3B5Ir15Z62a','유저','1997-01-30','05843,서울 송파구 성남대로 1541-27,성남동','010-5546-2467','user3@naver.com','Y','남성',1000,to_date('19/02/20','RR/MM/DD'),'ROLE_USER',null);
Insert into KH.USER_MEMBER (MEMBER_NO_SEQ,MEMBER_ID,MEMBER_PW,MEMBER_NAME,MEMBER_BIRTH,MEMBER_ADDR,MEMBER_TEL,MEMBER_EMAIL,MEMBER_ENABLED,MEMBER_GENDER,MEMBER_POINT,MEMBER_REGDATE,MEMBER_ROLE,MEMBER_BUIS_NUM) values (68,'user12','$2a$10$gyVRLKa0AKzSijSg0HPnZeGy60YkCB8L.tvmJOgIM/3B5Ir15Z62a','유저','1997-01-30','05843,서울 송파구 성남대로 1541-27,성남동','010-5546-2467','user3@naver.com','Y','남성',1000,to_date('19/02/20','RR/MM/DD'),'ROLE_USER',null);
Insert into KH.USER_MEMBER (MEMBER_NO_SEQ,MEMBER_ID,MEMBER_PW,MEMBER_NAME,MEMBER_BIRTH,MEMBER_ADDR,MEMBER_TEL,MEMBER_EMAIL,MEMBER_ENABLED,MEMBER_GENDER,MEMBER_POINT,MEMBER_REGDATE,MEMBER_ROLE,MEMBER_BUIS_NUM) values (69,'user13','$2a$10$gyVRLKa0AKzSijSg0HPnZeGy60YkCB8L.tvmJOgIM/3B5Ir15Z62a','유저','1997-01-30','05843,서울 송파구 성남대로 1541-27,성남동','010-5546-2467','user3@naver.com','Y','남성',1000,to_date('19/02/20','RR/MM/DD'),'ROLE_USER',null);
Insert into KH.USER_MEMBER (MEMBER_NO_SEQ,MEMBER_ID,MEMBER_PW,MEMBER_NAME,MEMBER_BIRTH,MEMBER_ADDR,MEMBER_TEL,MEMBER_EMAIL,MEMBER_ENABLED,MEMBER_GENDER,MEMBER_POINT,MEMBER_REGDATE,MEMBER_ROLE,MEMBER_BUIS_NUM) values (70,'user14','$2a$10$gyVRLKa0AKzSijSg0HPnZeGy60YkCB8L.tvmJOgIM/3B5Ir15Z62a','유저','1997-01-30','05843,서울 송파구 성남대로 1541-27,성남동','010-5546-2467','user3@naver.com','Y','남성',1000,to_date('19/02/20','RR/MM/DD'),'ROLE_USER',null);
Insert into KH.USER_MEMBER (MEMBER_NO_SEQ,MEMBER_ID,MEMBER_PW,MEMBER_NAME,MEMBER_BIRTH,MEMBER_ADDR,MEMBER_TEL,MEMBER_EMAIL,MEMBER_ENABLED,MEMBER_GENDER,MEMBER_POINT,MEMBER_REGDATE,MEMBER_ROLE,MEMBER_BUIS_NUM) values (71,'user15','$2a$10$gyVRLKa0AKzSijSg0HPnZeGy60YkCB8L.tvmJOgIM/3B5Ir15Z62a','유저','1997-01-30','05843,서울 송파구 성남대로 1541-27,성남동','010-5546-2467','user3@naver.com','Y','남성',1000,to_date('19/02/20','RR/MM/DD'),'ROLE_USER',null);
Insert into KH.USER_MEMBER (MEMBER_NO_SEQ,MEMBER_ID,MEMBER_PW,MEMBER_NAME,MEMBER_BIRTH,MEMBER_ADDR,MEMBER_TEL,MEMBER_EMAIL,MEMBER_ENABLED,MEMBER_GENDER,MEMBER_POINT,MEMBER_REGDATE,MEMBER_ROLE,MEMBER_BUIS_NUM) values (72,'user16','$2a$10$gyVRLKa0AKzSijSg0HPnZeGy60YkCB8L.tvmJOgIM/3B5Ir15Z62a','유저','1997-01-30','05843,서울 송파구 성남대로 1541-27,성남동','010-5546-2467','user3@naver.com','Y','남성',1000,to_date('19/02/20','RR/MM/DD'),'ROLE_USER',null);
Insert into KH.USER_MEMBER (MEMBER_NO_SEQ,MEMBER_ID,MEMBER_PW,MEMBER_NAME,MEMBER_BIRTH,MEMBER_ADDR,MEMBER_TEL,MEMBER_EMAIL,MEMBER_ENABLED,MEMBER_GENDER,MEMBER_POINT,MEMBER_REGDATE,MEMBER_ROLE,MEMBER_BUIS_NUM) values (73,'user17','$2a$10$gyVRLKa0AKzSijSg0HPnZeGy60YkCB8L.tvmJOgIM/3B5Ir15Z62a','유저','1997-01-30','05843,서울 송파구 성남대로 1541-27,성남동','010-5546-2467','user3@naver.com','Y','남성',1000,to_date('19/02/20','RR/MM/DD'),'ROLE_USER',null);
Insert into KH.USER_MEMBER (MEMBER_NO_SEQ,MEMBER_ID,MEMBER_PW,MEMBER_NAME,MEMBER_BIRTH,MEMBER_ADDR,MEMBER_TEL,MEMBER_EMAIL,MEMBER_ENABLED,MEMBER_GENDER,MEMBER_POINT,MEMBER_REGDATE,MEMBER_ROLE,MEMBER_BUIS_NUM) values (74,'user18','$2a$10$gyVRLKa0AKzSijSg0HPnZeGy60YkCB8L.tvmJOgIM/3B5Ir15Z62a','유저','1997-01-30','05843,서울 송파구 성남대로 1541-27,성남동','010-5546-2467','user3@naver.com','Y','남성',1000,to_date('19/02/20','RR/MM/DD'),'ROLE_USER',null);
Insert into KH.USER_MEMBER (MEMBER_NO_SEQ,MEMBER_ID,MEMBER_PW,MEMBER_NAME,MEMBER_BIRTH,MEMBER_ADDR,MEMBER_TEL,MEMBER_EMAIL,MEMBER_ENABLED,MEMBER_GENDER,MEMBER_POINT,MEMBER_REGDATE,MEMBER_ROLE,MEMBER_BUIS_NUM) values (75,'user19','$2a$10$gyVRLKa0AKzSijSg0HPnZeGy60YkCB8L.tvmJOgIM/3B5Ir15Z62a','유저','1997-01-30','05843,서울 송파구 성남대로 1541-27,성남동','010-5546-2467','user3@naver.com','Y','남성',1000,to_date('19/02/20','RR/MM/DD'),'ROLE_USER',null);
Insert into KH.USER_MEMBER (MEMBER_NO_SEQ,MEMBER_ID,MEMBER_PW,MEMBER_NAME,MEMBER_BIRTH,MEMBER_ADDR,MEMBER_TEL,MEMBER_EMAIL,MEMBER_ENABLED,MEMBER_GENDER,MEMBER_POINT,MEMBER_REGDATE,MEMBER_ROLE,MEMBER_BUIS_NUM) values (76,'user20','$2a$10$gyVRLKa0AKzSijSg0HPnZeGy60YkCB8L.tvmJOgIM/3B5Ir15Z62a','유저','1997-01-30','05843,서울 송파구 성남대로 1541-27,성남동','010-5546-2467','user3@naver.com','Y','남성',1000,to_date('19/02/20','RR/MM/DD'),'ROLE_USER',null);
Insert into KH.USER_MEMBER (MEMBER_NO_SEQ,MEMBER_ID,MEMBER_PW,MEMBER_NAME,MEMBER_BIRTH,MEMBER_ADDR,MEMBER_TEL,MEMBER_EMAIL,MEMBER_ENABLED,MEMBER_GENDER,MEMBER_POINT,MEMBER_REGDATE,MEMBER_ROLE,MEMBER_BUIS_NUM) values (77,'user21','$2a$10$gyVRLKa0AKzSijSg0HPnZeGy60YkCB8L.tvmJOgIM/3B5Ir15Z62a','유저','1997-01-30','05843,서울 송파구 성남대로 1541-27,성남동','010-5546-2467','user3@naver.com','Y','남성',1000,to_date('19/03/20','RR/MM/DD'),'ROLE_USER',null);
Insert into KH.USER_MEMBER (MEMBER_NO_SEQ,MEMBER_ID,MEMBER_PW,MEMBER_NAME,MEMBER_BIRTH,MEMBER_ADDR,MEMBER_TEL,MEMBER_EMAIL,MEMBER_ENABLED,MEMBER_GENDER,MEMBER_POINT,MEMBER_REGDATE,MEMBER_ROLE,MEMBER_BUIS_NUM) values (78,'user22','$2a$10$gyVRLKa0AKzSijSg0HPnZeGy60YkCB8L.tvmJOgIM/3B5Ir15Z62a','유저','1997-01-30','05843,서울 송파구 성남대로 1541-27,성남동','010-5546-2467','user3@naver.com','Y','남성',1000,to_date('19/03/20','RR/MM/DD'),'ROLE_USER',null);
Insert into KH.USER_MEMBER (MEMBER_NO_SEQ,MEMBER_ID,MEMBER_PW,MEMBER_NAME,MEMBER_BIRTH,MEMBER_ADDR,MEMBER_TEL,MEMBER_EMAIL,MEMBER_ENABLED,MEMBER_GENDER,MEMBER_POINT,MEMBER_REGDATE,MEMBER_ROLE,MEMBER_BUIS_NUM) values (79,'user23','$2a$10$gyVRLKa0AKzSijSg0HPnZeGy60YkCB8L.tvmJOgIM/3B5Ir15Z62a','유저','1997-01-30','05843,서울 송파구 성남대로 1541-27,성남동','010-5546-2467','user3@naver.com','Y','남성',1000,to_date('19/06/20','RR/MM/DD'),'ROLE_USER',null);
Insert into KH.USER_MEMBER (MEMBER_NO_SEQ,MEMBER_ID,MEMBER_PW,MEMBER_NAME,MEMBER_BIRTH,MEMBER_ADDR,MEMBER_TEL,MEMBER_EMAIL,MEMBER_ENABLED,MEMBER_GENDER,MEMBER_POINT,MEMBER_REGDATE,MEMBER_ROLE,MEMBER_BUIS_NUM) values (80,'user24','$2a$10$gyVRLKa0AKzSijSg0HPnZeGy60YkCB8L.tvmJOgIM/3B5Ir15Z62a','유저','1997-01-30','05843,서울 송파구 성남대로 1541-27,성남동','010-5546-2467','user3@naver.com','Y','남성',1000,to_date('19/06/20','RR/MM/DD'),'ROLE_USER',null);
Insert into KH.USER_MEMBER (MEMBER_NO_SEQ,MEMBER_ID,MEMBER_PW,MEMBER_NAME,MEMBER_BIRTH,MEMBER_ADDR,MEMBER_TEL,MEMBER_EMAIL,MEMBER_ENABLED,MEMBER_GENDER,MEMBER_POINT,MEMBER_REGDATE,MEMBER_ROLE,MEMBER_BUIS_NUM) values (81,'user25','$2a$10$gyVRLKa0AKzSijSg0HPnZeGy60YkCB8L.tvmJOgIM/3B5Ir15Z62a','유저','1997-01-30','05843,서울 송파구 성남대로 1541-27,성남동','010-5546-2467','user3@naver.com','Y','남성',1000,to_date('19/03/20','RR/MM/DD'),'ROLE_USER',null);
Insert into KH.USER_MEMBER (MEMBER_NO_SEQ,MEMBER_ID,MEMBER_PW,MEMBER_NAME,MEMBER_BIRTH,MEMBER_ADDR,MEMBER_TEL,MEMBER_EMAIL,MEMBER_ENABLED,MEMBER_GENDER,MEMBER_POINT,MEMBER_REGDATE,MEMBER_ROLE,MEMBER_BUIS_NUM) values (82,'user26','$2a$10$gyVRLKa0AKzSijSg0HPnZeGy60YkCB8L.tvmJOgIM/3B5Ir15Z62a','유저','1997-01-30','05843,서울 송파구 성남대로 1541-27,성남동','010-5546-2467','user3@naver.com','Y','남성',1000,to_date('19/03/20','RR/MM/DD'),'ROLE_USER',null);
Insert into KH.USER_MEMBER (MEMBER_NO_SEQ,MEMBER_ID,MEMBER_PW,MEMBER_NAME,MEMBER_BIRTH,MEMBER_ADDR,MEMBER_TEL,MEMBER_EMAIL,MEMBER_ENABLED,MEMBER_GENDER,MEMBER_POINT,MEMBER_REGDATE,MEMBER_ROLE,MEMBER_BUIS_NUM) values (83,'user27','$2a$10$gyVRLKa0AKzSijSg0HPnZeGy60YkCB8L.tvmJOgIM/3B5Ir15Z62a','유저','1997-01-30','05843,서울 송파구 성남대로 1541-27,성남동','010-5546-2467','user3@naver.com','Y','남성',1000,to_date('19/04/20','RR/MM/DD'),'ROLE_USER',null);
Insert into KH.USER_MEMBER (MEMBER_NO_SEQ,MEMBER_ID,MEMBER_PW,MEMBER_NAME,MEMBER_BIRTH,MEMBER_ADDR,MEMBER_TEL,MEMBER_EMAIL,MEMBER_ENABLED,MEMBER_GENDER,MEMBER_POINT,MEMBER_REGDATE,MEMBER_ROLE,MEMBER_BUIS_NUM) values (84,'user28','$2a$10$gyVRLKa0AKzSijSg0HPnZeGy60YkCB8L.tvmJOgIM/3B5Ir15Z62a','유저','1997-01-30','05843,서울 송파구 성남대로 1541-27,성남동','010-5546-2467','user3@naver.com','Y','남성',1000,to_date('19/04/20','RR/MM/DD'),'ROLE_USER',null);
Insert into KH.USER_MEMBER (MEMBER_NO_SEQ,MEMBER_ID,MEMBER_PW,MEMBER_NAME,MEMBER_BIRTH,MEMBER_ADDR,MEMBER_TEL,MEMBER_EMAIL,MEMBER_ENABLED,MEMBER_GENDER,MEMBER_POINT,MEMBER_REGDATE,MEMBER_ROLE,MEMBER_BUIS_NUM) values (85,'user29','$2a$10$gyVRLKa0AKzSijSg0HPnZeGy60YkCB8L.tvmJOgIM/3B5Ir15Z62a','유저','1997-01-30','05843,서울 송파구 성남대로 1541-27,성남동','010-5546-2467','user3@naver.com','Y','남성',1000,to_date('19/03/20','RR/MM/DD'),'ROLE_USER',null);
Insert into KH.USER_MEMBER (MEMBER_NO_SEQ,MEMBER_ID,MEMBER_PW,MEMBER_NAME,MEMBER_BIRTH,MEMBER_ADDR,MEMBER_TEL,MEMBER_EMAIL,MEMBER_ENABLED,MEMBER_GENDER,MEMBER_POINT,MEMBER_REGDATE,MEMBER_ROLE,MEMBER_BUIS_NUM) values (86,'user30','$2a$10$gyVRLKa0AKzSijSg0HPnZeGy60YkCB8L.tvmJOgIM/3B5Ir15Z62a','유저','1997-01-30','05843,서울 송파구 성남대로 1541-27,성남동','010-5546-2467','user3@naver.com','Y','남성',1000,to_date('19/04/20','RR/MM/DD'),'ROLE_USER',null);
Insert into KH.USER_MEMBER (MEMBER_NO_SEQ,MEMBER_ID,MEMBER_PW,MEMBER_NAME,MEMBER_BIRTH,MEMBER_ADDR,MEMBER_TEL,MEMBER_EMAIL,MEMBER_ENABLED,MEMBER_GENDER,MEMBER_POINT,MEMBER_REGDATE,MEMBER_ROLE,MEMBER_BUIS_NUM) values (87,'user31','$2a$10$gyVRLKa0AKzSijSg0HPnZeGy60YkCB8L.tvmJOgIM/3B5Ir15Z62a','유저','1997-01-30','05843,서울 송파구 성남대로 1541-27,성남동','010-5546-2467','user3@naver.com','Y','남성',1000,to_date('19/04/20','RR/MM/DD'),'ROLE_USER',null);
Insert into KH.USER_MEMBER (MEMBER_NO_SEQ,MEMBER_ID,MEMBER_PW,MEMBER_NAME,MEMBER_BIRTH,MEMBER_ADDR,MEMBER_TEL,MEMBER_EMAIL,MEMBER_ENABLED,MEMBER_GENDER,MEMBER_POINT,MEMBER_REGDATE,MEMBER_ROLE,MEMBER_BUIS_NUM) values (88,'user32','$2a$10$gyVRLKa0AKzSijSg0HPnZeGy60YkCB8L.tvmJOgIM/3B5Ir15Z62a','유저','1997-01-30','05843,서울 송파구 성남대로 1541-27,성남동','010-5546-2467','user3@naver.com','Y','남성',1000,to_date('19/04/20','RR/MM/DD'),'ROLE_USER',null);
Insert into KH.USER_MEMBER (MEMBER_NO_SEQ,MEMBER_ID,MEMBER_PW,MEMBER_NAME,MEMBER_BIRTH,MEMBER_ADDR,MEMBER_TEL,MEMBER_EMAIL,MEMBER_ENABLED,MEMBER_GENDER,MEMBER_POINT,MEMBER_REGDATE,MEMBER_ROLE,MEMBER_BUIS_NUM) values (89,'user33','$2a$10$gyVRLKa0AKzSijSg0HPnZeGy60YkCB8L.tvmJOgIM/3B5Ir15Z62a','유저','1997-01-30','05843,서울 송파구 성남대로 1541-27,성남동','010-5546-2467','user3@naver.com','Y','남성',1000,to_date('19/04/20','RR/MM/DD'),'ROLE_USER',null);
Insert into KH.USER_MEMBER (MEMBER_NO_SEQ,MEMBER_ID,MEMBER_PW,MEMBER_NAME,MEMBER_BIRTH,MEMBER_ADDR,MEMBER_TEL,MEMBER_EMAIL,MEMBER_ENABLED,MEMBER_GENDER,MEMBER_POINT,MEMBER_REGDATE,MEMBER_ROLE,MEMBER_BUIS_NUM) values (90,'user34','$2a$10$gyVRLKa0AKzSijSg0HPnZeGy60YkCB8L.tvmJOgIM/3B5Ir15Z62a','유저','1997-01-30','05843,서울 송파구 성남대로 1541-27,성남동','010-5546-2467','user3@naver.com','Y','남성',1000,to_date('19/05/20','RR/MM/DD'),'ROLE_USER',null);
Insert into KH.USER_MEMBER (MEMBER_NO_SEQ,MEMBER_ID,MEMBER_PW,MEMBER_NAME,MEMBER_BIRTH,MEMBER_ADDR,MEMBER_TEL,MEMBER_EMAIL,MEMBER_ENABLED,MEMBER_GENDER,MEMBER_POINT,MEMBER_REGDATE,MEMBER_ROLE,MEMBER_BUIS_NUM) values (91,'user35','$2a$10$gyVRLKa0AKzSijSg0HPnZeGy60YkCB8L.tvmJOgIM/3B5Ir15Z62a','유저','1997-01-30','05843,서울 송파구 성남대로 1541-27,성남동','010-5546-2467','user3@naver.com','Y','남성',1000,to_date('19/05/20','RR/MM/DD'),'ROLE_USER',null);
Insert into KH.USER_MEMBER (MEMBER_NO_SEQ,MEMBER_ID,MEMBER_PW,MEMBER_NAME,MEMBER_BIRTH,MEMBER_ADDR,MEMBER_TEL,MEMBER_EMAIL,MEMBER_ENABLED,MEMBER_GENDER,MEMBER_POINT,MEMBER_REGDATE,MEMBER_ROLE,MEMBER_BUIS_NUM) values (92,'user36','$2a$10$gyVRLKa0AKzSijSg0HPnZeGy60YkCB8L.tvmJOgIM/3B5Ir15Z62a','유저','1997-01-30','05843,서울 송파구 성남대로 1541-27,성남동','010-5546-2467','user3@naver.com','Y','남성',1000,to_date('19/05/20','RR/MM/DD'),'ROLE_USER',null);
Insert into KH.USER_MEMBER (MEMBER_NO_SEQ,MEMBER_ID,MEMBER_PW,MEMBER_NAME,MEMBER_BIRTH,MEMBER_ADDR,MEMBER_TEL,MEMBER_EMAIL,MEMBER_ENABLED,MEMBER_GENDER,MEMBER_POINT,MEMBER_REGDATE,MEMBER_ROLE,MEMBER_BUIS_NUM) values (93,'user37','$2a$10$gyVRLKa0AKzSijSg0HPnZeGy60YkCB8L.tvmJOgIM/3B5Ir15Z62a','유저','1997-01-30','05843,서울 송파구 성남대로 1541-27,성남동','010-5546-2467','user3@naver.com','Y','남성',1000,to_date('19/05/20','RR/MM/DD'),'ROLE_USER',null);
Insert into KH.USER_MEMBER (MEMBER_NO_SEQ,MEMBER_ID,MEMBER_PW,MEMBER_NAME,MEMBER_BIRTH,MEMBER_ADDR,MEMBER_TEL,MEMBER_EMAIL,MEMBER_ENABLED,MEMBER_GENDER,MEMBER_POINT,MEMBER_REGDATE,MEMBER_ROLE,MEMBER_BUIS_NUM) values (94,'user38','$2a$10$gyVRLKa0AKzSijSg0HPnZeGy60YkCB8L.tvmJOgIM/3B5Ir15Z62a','유저','1997-01-30','05843,서울 송파구 성남대로 1541-27,성남동','010-5546-2467','user3@naver.com','Y','남성',1000,to_date('19/05/20','RR/MM/DD'),'ROLE_USER',null);
Insert into KH.USER_MEMBER (MEMBER_NO_SEQ,MEMBER_ID,MEMBER_PW,MEMBER_NAME,MEMBER_BIRTH,MEMBER_ADDR,MEMBER_TEL,MEMBER_EMAIL,MEMBER_ENABLED,MEMBER_GENDER,MEMBER_POINT,MEMBER_REGDATE,MEMBER_ROLE,MEMBER_BUIS_NUM) values (95,'user39','$2a$10$gyVRLKa0AKzSijSg0HPnZeGy60YkCB8L.tvmJOgIM/3B5Ir15Z62a','유저','1997-01-30','05843,서울 송파구 성남대로 1541-27,성남동','010-5546-2467','user3@naver.com','Y','남성',1000,to_date('19/05/20','RR/MM/DD'),'ROLE_USER',null);
Insert into KH.USER_MEMBER (MEMBER_NO_SEQ,MEMBER_ID,MEMBER_PW,MEMBER_NAME,MEMBER_BIRTH,MEMBER_ADDR,MEMBER_TEL,MEMBER_EMAIL,MEMBER_ENABLED,MEMBER_GENDER,MEMBER_POINT,MEMBER_REGDATE,MEMBER_ROLE,MEMBER_BUIS_NUM) values (96,'user40','$2a$10$gyVRLKa0AKzSijSg0HPnZeGy60YkCB8L.tvmJOgIM/3B5Ir15Z62a','유저','1997-01-30','05843,서울 송파구 성남대로 1541-27,성남동','010-5546-2467','user3@naver.com','Y','남성',1000,to_date('19/05/20','RR/MM/DD'),'ROLE_USER',null);
Insert into KH.USER_MEMBER (MEMBER_NO_SEQ,MEMBER_ID,MEMBER_PW,MEMBER_NAME,MEMBER_BIRTH,MEMBER_ADDR,MEMBER_TEL,MEMBER_EMAIL,MEMBER_ENABLED,MEMBER_GENDER,MEMBER_POINT,MEMBER_REGDATE,MEMBER_ROLE,MEMBER_BUIS_NUM) values (97,'user41','$2a$10$gyVRLKa0AKzSijSg0HPnZeGy60YkCB8L.tvmJOgIM/3B5Ir15Z62a','유저','1997-01-30','05843,서울 송파구 성남대로 1541-27,성남동','010-5546-2467','user3@naver.com','Y','남성',1000,to_date('19/06/20','RR/MM/DD'),'ROLE_USER',null);
Insert into KH.USER_MEMBER (MEMBER_NO_SEQ,MEMBER_ID,MEMBER_PW,MEMBER_NAME,MEMBER_BIRTH,MEMBER_ADDR,MEMBER_TEL,MEMBER_EMAIL,MEMBER_ENABLED,MEMBER_GENDER,MEMBER_POINT,MEMBER_REGDATE,MEMBER_ROLE,MEMBER_BUIS_NUM) values (98,'user42','$2a$10$gyVRLKa0AKzSijSg0HPnZeGy60YkCB8L.tvmJOgIM/3B5Ir15Z62a','유저','1997-01-30','05843,서울 송파구 성남대로 1541-27,성남동','010-5546-2467','user3@naver.com','Y','남성',1000,to_date('19/06/20','RR/MM/DD'),'ROLE_USER',null);
Insert into KH.USER_MEMBER (MEMBER_NO_SEQ,MEMBER_ID,MEMBER_PW,MEMBER_NAME,MEMBER_BIRTH,MEMBER_ADDR,MEMBER_TEL,MEMBER_EMAIL,MEMBER_ENABLED,MEMBER_GENDER,MEMBER_POINT,MEMBER_REGDATE,MEMBER_ROLE,MEMBER_BUIS_NUM) values (99,'user43','$2a$10$gyVRLKa0AKzSijSg0HPnZeGy60YkCB8L.tvmJOgIM/3B5Ir15Z62a','유저','1997-01-30','05843,서울 송파구 성남대로 1541-27,성남동','010-5546-2467','user3@naver.com','Y','남성',1000,to_date('19/06/20','RR/MM/DD'),'ROLE_USER',null);
Insert into KH.USER_MEMBER (MEMBER_NO_SEQ,MEMBER_ID,MEMBER_PW,MEMBER_NAME,MEMBER_BIRTH,MEMBER_ADDR,MEMBER_TEL,MEMBER_EMAIL,MEMBER_ENABLED,MEMBER_GENDER,MEMBER_POINT,MEMBER_REGDATE,MEMBER_ROLE,MEMBER_BUIS_NUM) values (100,'user44','$2a$10$gyVRLKa0AKzSijSg0HPnZeGy60YkCB8L.tvmJOgIM/3B5Ir15Z62a','유저','1997-01-30','05843,서울 송파구 성남대로 1541-27,성남동','010-5546-2467','user3@naver.com','Y','남성',1000,to_date('19/06/20','RR/MM/DD'),'ROLE_USER',null);
Insert into KH.USER_MEMBER (MEMBER_NO_SEQ,MEMBER_ID,MEMBER_PW,MEMBER_NAME,MEMBER_BIRTH,MEMBER_ADDR,MEMBER_TEL,MEMBER_EMAIL,MEMBER_ENABLED,MEMBER_GENDER,MEMBER_POINT,MEMBER_REGDATE,MEMBER_ROLE,MEMBER_BUIS_NUM) values (101,'user45','$2a$10$gyVRLKa0AKzSijSg0HPnZeGy60YkCB8L.tvmJOgIM/3B5Ir15Z62a','유저','1997-01-30','05843,서울 송파구 성남대로 1541-27,성남동','010-5546-2467','user3@naver.com','Y','남성',1000,to_date('19/07/20','RR/MM/DD'),'ROLE_USER',null);
Insert into KH.USER_MEMBER (MEMBER_NO_SEQ,MEMBER_ID,MEMBER_PW,MEMBER_NAME,MEMBER_BIRTH,MEMBER_ADDR,MEMBER_TEL,MEMBER_EMAIL,MEMBER_ENABLED,MEMBER_GENDER,MEMBER_POINT,MEMBER_REGDATE,MEMBER_ROLE,MEMBER_BUIS_NUM) values (102,'user46','$2a$10$gyVRLKa0AKzSijSg0HPnZeGy60YkCB8L.tvmJOgIM/3B5Ir15Z62a','유저','1997-01-30','05843,서울 송파구 성남대로 1541-27,성남동','010-5546-2467','user3@naver.com','Y','남성',1000,to_date('19/07/20','RR/MM/DD'),'ROLE_USER',null);
Insert into KH.USER_MEMBER (MEMBER_NO_SEQ,MEMBER_ID,MEMBER_PW,MEMBER_NAME,MEMBER_BIRTH,MEMBER_ADDR,MEMBER_TEL,MEMBER_EMAIL,MEMBER_ENABLED,MEMBER_GENDER,MEMBER_POINT,MEMBER_REGDATE,MEMBER_ROLE,MEMBER_BUIS_NUM) values (103,'user47','$2a$10$gyVRLKa0AKzSijSg0HPnZeGy60YkCB8L.tvmJOgIM/3B5Ir15Z62a','유저','1997-01-30','05843,서울 송파구 성남대로 1541-27,성남동','010-5546-2467','user3@naver.com','Y','남성',1000,to_date('19/07/20','RR/MM/DD'),'ROLE_USER',null);
Insert into KH.USER_MEMBER (MEMBER_NO_SEQ,MEMBER_ID,MEMBER_PW,MEMBER_NAME,MEMBER_BIRTH,MEMBER_ADDR,MEMBER_TEL,MEMBER_EMAIL,MEMBER_ENABLED,MEMBER_GENDER,MEMBER_POINT,MEMBER_REGDATE,MEMBER_ROLE,MEMBER_BUIS_NUM) values (104,'user48','$2a$10$gyVRLKa0AKzSijSg0HPnZeGy60YkCB8L.tvmJOgIM/3B5Ir15Z62a','유저','1997-01-30','05843,서울 송파구 성남대로 1541-27,성남동','010-5546-2467','user3@naver.com','Y','남성',1000,to_date('19/08/20','RR/MM/DD'),'ROLE_USER',null);
Insert into KH.USER_MEMBER (MEMBER_NO_SEQ,MEMBER_ID,MEMBER_PW,MEMBER_NAME,MEMBER_BIRTH,MEMBER_ADDR,MEMBER_TEL,MEMBER_EMAIL,MEMBER_ENABLED,MEMBER_GENDER,MEMBER_POINT,MEMBER_REGDATE,MEMBER_ROLE,MEMBER_BUIS_NUM) values (105,'user49','$2a$10$gyVRLKa0AKzSijSg0HPnZeGy60YkCB8L.tvmJOgIM/3B5Ir15Z62a','유저','1997-01-30','05843,서울 송파구 성남대로 1541-27,성남동','010-5546-2467','user3@naver.com','Y','남성',1000,to_date('19/08/20','RR/MM/DD'),'ROLE_USER',null);
Insert into KH.USER_MEMBER (MEMBER_NO_SEQ,MEMBER_ID,MEMBER_PW,MEMBER_NAME,MEMBER_BIRTH,MEMBER_ADDR,MEMBER_TEL,MEMBER_EMAIL,MEMBER_ENABLED,MEMBER_GENDER,MEMBER_POINT,MEMBER_REGDATE,MEMBER_ROLE,MEMBER_BUIS_NUM) values (106,'user50','$2a$10$gyVRLKa0AKzSijSg0HPnZeGy60YkCB8L.tvmJOgIM/3B5Ir15Z62a','유저','1997-01-30','05843,서울 송파구 성남대로 1541-27,성남동','010-5546-2467','user3@naver.com','Y','남성',1000,to_date('19/08/20','RR/MM/DD'),'ROLE_USER',null);
Insert into KH.USER_MEMBER (MEMBER_NO_SEQ,MEMBER_ID,MEMBER_PW,MEMBER_NAME,MEMBER_BIRTH,MEMBER_ADDR,MEMBER_TEL,MEMBER_EMAIL,MEMBER_ENABLED,MEMBER_GENDER,MEMBER_POINT,MEMBER_REGDATE,MEMBER_ROLE,MEMBER_BUIS_NUM) values (107,'user51','$2a$10$gyVRLKa0AKzSijSg0HPnZeGy60YkCB8L.tvmJOgIM/3B5Ir15Z62a','유저','1997-01-30','05843,서울 송파구 성남대로 1541-27,성남동','010-5546-2467','user3@naver.com','Y','남성',1000,to_date('19/08/20','RR/MM/DD'),'ROLE_USER',null);
Insert into KH.USER_MEMBER (MEMBER_NO_SEQ,MEMBER_ID,MEMBER_PW,MEMBER_NAME,MEMBER_BIRTH,MEMBER_ADDR,MEMBER_TEL,MEMBER_EMAIL,MEMBER_ENABLED,MEMBER_GENDER,MEMBER_POINT,MEMBER_REGDATE,MEMBER_ROLE,MEMBER_BUIS_NUM) values (108,'user52','$2a$10$gyVRLKa0AKzSijSg0HPnZeGy60YkCB8L.tvmJOgIM/3B5Ir15Z62a','유저','1997-01-30','05843,서울 송파구 성남대로 1541-27,성남동','010-5546-2467','user3@naver.com','Y','남성',1000,to_date('19/08/20','RR/MM/DD'),'ROLE_USER',null);
Insert into KH.USER_MEMBER (MEMBER_NO_SEQ,MEMBER_ID,MEMBER_PW,MEMBER_NAME,MEMBER_BIRTH,MEMBER_ADDR,MEMBER_TEL,MEMBER_EMAIL,MEMBER_ENABLED,MEMBER_GENDER,MEMBER_POINT,MEMBER_REGDATE,MEMBER_ROLE,MEMBER_BUIS_NUM) values (109,'user53','$2a$10$gyVRLKa0AKzSijSg0HPnZeGy60YkCB8L.tvmJOgIM/3B5Ir15Z62a','유저','1997-01-30','05843,서울 송파구 성남대로 1541-27,성남동','010-5546-2467','user3@naver.com','Y','남성',1000,to_date('19/08/20','RR/MM/DD'),'ROLE_USER',null);
Insert into KH.USER_MEMBER (MEMBER_NO_SEQ,MEMBER_ID,MEMBER_PW,MEMBER_NAME,MEMBER_BIRTH,MEMBER_ADDR,MEMBER_TEL,MEMBER_EMAIL,MEMBER_ENABLED,MEMBER_GENDER,MEMBER_POINT,MEMBER_REGDATE,MEMBER_ROLE,MEMBER_BUIS_NUM) values (110,'user54','$2a$10$gyVRLKa0AKzSijSg0HPnZeGy60YkCB8L.tvmJOgIM/3B5Ir15Z62a','유저','1997-01-30','05843,서울 송파구 성남대로 1541-27,성남동','010-5546-2467','user3@naver.com','Y','남성',1000,to_date('19/09/20','RR/MM/DD'),'ROLE_USER',null);
Insert into KH.USER_MEMBER (MEMBER_NO_SEQ,MEMBER_ID,MEMBER_PW,MEMBER_NAME,MEMBER_BIRTH,MEMBER_ADDR,MEMBER_TEL,MEMBER_EMAIL,MEMBER_ENABLED,MEMBER_GENDER,MEMBER_POINT,MEMBER_REGDATE,MEMBER_ROLE,MEMBER_BUIS_NUM) values (111,'user55','$2a$10$gyVRLKa0AKzSijSg0HPnZeGy60YkCB8L.tvmJOgIM/3B5Ir15Z62a','유저','1997-01-30','05843,서울 송파구 성남대로 1541-27,성남동','010-5546-2467','user3@naver.com','Y','남성',1000,to_date('19/09/20','RR/MM/DD'),'ROLE_USER',null);
Insert into KH.USER_MEMBER (MEMBER_NO_SEQ,MEMBER_ID,MEMBER_PW,MEMBER_NAME,MEMBER_BIRTH,MEMBER_ADDR,MEMBER_TEL,MEMBER_EMAIL,MEMBER_ENABLED,MEMBER_GENDER,MEMBER_POINT,MEMBER_REGDATE,MEMBER_ROLE,MEMBER_BUIS_NUM) values (112,'user56','$2a$10$gyVRLKa0AKzSijSg0HPnZeGy60YkCB8L.tvmJOgIM/3B5Ir15Z62a','유저','1997-01-30','05843,서울 송파구 성남대로 1541-27,성남동','010-5546-2467','user3@naver.com','Y','남성',1000,to_date('19/09/20','RR/MM/DD'),'ROLE_USER',null);
Insert into KH.USER_MEMBER (MEMBER_NO_SEQ,MEMBER_ID,MEMBER_PW,MEMBER_NAME,MEMBER_BIRTH,MEMBER_ADDR,MEMBER_TEL,MEMBER_EMAIL,MEMBER_ENABLED,MEMBER_GENDER,MEMBER_POINT,MEMBER_REGDATE,MEMBER_ROLE,MEMBER_BUIS_NUM) values (113,'user57','$2a$10$gyVRLKa0AKzSijSg0HPnZeGy60YkCB8L.tvmJOgIM/3B5Ir15Z62a','유저','1997-01-30','05843,서울 송파구 성남대로 1541-27,성남동','010-5546-2467','user3@naver.com','Y','남성',1000,to_date('19/09/20','RR/MM/DD'),'ROLE_USER',null);
Insert into KH.USER_MEMBER (MEMBER_NO_SEQ,MEMBER_ID,MEMBER_PW,MEMBER_NAME,MEMBER_BIRTH,MEMBER_ADDR,MEMBER_TEL,MEMBER_EMAIL,MEMBER_ENABLED,MEMBER_GENDER,MEMBER_POINT,MEMBER_REGDATE,MEMBER_ROLE,MEMBER_BUIS_NUM) values (114,'user58','$2a$10$gyVRLKa0AKzSijSg0HPnZeGy60YkCB8L.tvmJOgIM/3B5Ir15Z62a','유저','1997-01-30','05843,서울 송파구 성남대로 1541-27,성남동','010-5546-2467','user3@naver.com','Y','남성',1000,to_date('19/09/20','RR/MM/DD'),'ROLE_USER',null);
Insert into KH.USER_MEMBER (MEMBER_NO_SEQ,MEMBER_ID,MEMBER_PW,MEMBER_NAME,MEMBER_BIRTH,MEMBER_ADDR,MEMBER_TEL,MEMBER_EMAIL,MEMBER_ENABLED,MEMBER_GENDER,MEMBER_POINT,MEMBER_REGDATE,MEMBER_ROLE,MEMBER_BUIS_NUM) values (115,'user59','$2a$10$gyVRLKa0AKzSijSg0HPnZeGy60YkCB8L.tvmJOgIM/3B5Ir15Z62a','유저','1997-01-30','05843,서울 송파구 성남대로 1541-27,성남동','010-5546-2467','user3@naver.com','Y','남성',1000,to_date('19/09/20','RR/MM/DD'),'ROLE_USER',null);
Insert into KH.USER_MEMBER (MEMBER_NO_SEQ,MEMBER_ID,MEMBER_PW,MEMBER_NAME,MEMBER_BIRTH,MEMBER_ADDR,MEMBER_TEL,MEMBER_EMAIL,MEMBER_ENABLED,MEMBER_GENDER,MEMBER_POINT,MEMBER_REGDATE,MEMBER_ROLE,MEMBER_BUIS_NUM) values (116,'user60','$2a$10$gyVRLKa0AKzSijSg0HPnZeGy60YkCB8L.tvmJOgIM/3B5Ir15Z62a','유저','1997-01-30','05843,서울 송파구 성남대로 1541-27,성남동','010-5546-2467','user3@naver.com','Y','남성',1000,to_date('19/10/20','RR/MM/DD'),'ROLE_USER',null);
Insert into KH.USER_MEMBER (MEMBER_NO_SEQ,MEMBER_ID,MEMBER_PW,MEMBER_NAME,MEMBER_BIRTH,MEMBER_ADDR,MEMBER_TEL,MEMBER_EMAIL,MEMBER_ENABLED,MEMBER_GENDER,MEMBER_POINT,MEMBER_REGDATE,MEMBER_ROLE,MEMBER_BUIS_NUM) values (117,'user61','$2a$10$gyVRLKa0AKzSijSg0HPnZeGy60YkCB8L.tvmJOgIM/3B5Ir15Z62a','유저','1997-01-30','05843,서울 송파구 성남대로 1541-27,성남동','010-5546-2467','user3@naver.com','Y','남성',1000,to_date('19/10/20','RR/MM/DD'),'ROLE_USER',null);
Insert into KH.USER_MEMBER (MEMBER_NO_SEQ,MEMBER_ID,MEMBER_PW,MEMBER_NAME,MEMBER_BIRTH,MEMBER_ADDR,MEMBER_TEL,MEMBER_EMAIL,MEMBER_ENABLED,MEMBER_GENDER,MEMBER_POINT,MEMBER_REGDATE,MEMBER_ROLE,MEMBER_BUIS_NUM) values (118,'user62','$2a$10$gyVRLKa0AKzSijSg0HPnZeGy60YkCB8L.tvmJOgIM/3B5Ir15Z62a','유저','1997-01-30','05843,서울 송파구 성남대로 1541-27,성남동','010-5546-2467','user3@naver.com','Y','남성',1000,to_date('19/10/20','RR/MM/DD'),'ROLE_USER',null);
Insert into KH.USER_MEMBER (MEMBER_NO_SEQ,MEMBER_ID,MEMBER_PW,MEMBER_NAME,MEMBER_BIRTH,MEMBER_ADDR,MEMBER_TEL,MEMBER_EMAIL,MEMBER_ENABLED,MEMBER_GENDER,MEMBER_POINT,MEMBER_REGDATE,MEMBER_ROLE,MEMBER_BUIS_NUM) values (119,'user63','$2a$10$gyVRLKa0AKzSijSg0HPnZeGy60YkCB8L.tvmJOgIM/3B5Ir15Z62a','유저','1997-01-30','05843,서울 송파구 성남대로 1541-27,성남동','010-5546-2467','user3@naver.com','Y','남성',1000,to_date('19/10/20','RR/MM/DD'),'ROLE_USER',null);
Insert into KH.USER_MEMBER (MEMBER_NO_SEQ,MEMBER_ID,MEMBER_PW,MEMBER_NAME,MEMBER_BIRTH,MEMBER_ADDR,MEMBER_TEL,MEMBER_EMAIL,MEMBER_ENABLED,MEMBER_GENDER,MEMBER_POINT,MEMBER_REGDATE,MEMBER_ROLE,MEMBER_BUIS_NUM) values (120,'user64','$2a$10$gyVRLKa0AKzSijSg0HPnZeGy60YkCB8L.tvmJOgIM/3B5Ir15Z62a','유저','1997-01-30','05843,서울 송파구 성남대로 1541-27,성남동','010-5546-2467','user3@naver.com','Y','남성',1000,to_date('19/11/20','RR/MM/DD'),'ROLE_USER',null);
Insert into KH.USER_MEMBER (MEMBER_NO_SEQ,MEMBER_ID,MEMBER_PW,MEMBER_NAME,MEMBER_BIRTH,MEMBER_ADDR,MEMBER_TEL,MEMBER_EMAIL,MEMBER_ENABLED,MEMBER_GENDER,MEMBER_POINT,MEMBER_REGDATE,MEMBER_ROLE,MEMBER_BUIS_NUM) values (121,'user65','$2a$10$gyVRLKa0AKzSijSg0HPnZeGy60YkCB8L.tvmJOgIM/3B5Ir15Z62a','유저','1997-01-30','05843,서울 송파구 성남대로 1541-27,성남동','010-5546-2467','user3@naver.com','Y','남성',1000,to_date('19/11/20','RR/MM/DD'),'ROLE_USER',null);
Insert into KH.USER_MEMBER (MEMBER_NO_SEQ,MEMBER_ID,MEMBER_PW,MEMBER_NAME,MEMBER_BIRTH,MEMBER_ADDR,MEMBER_TEL,MEMBER_EMAIL,MEMBER_ENABLED,MEMBER_GENDER,MEMBER_POINT,MEMBER_REGDATE,MEMBER_ROLE,MEMBER_BUIS_NUM) values (122,'user66','$2a$10$gyVRLKa0AKzSijSg0HPnZeGy60YkCB8L.tvmJOgIM/3B5Ir15Z62a','유저','1997-01-30','05843,서울 송파구 성남대로 1541-27,성남동','010-5546-2467','user3@naver.com','Y','남성',1000,to_date('19/11/20','RR/MM/DD'),'ROLE_USER',null);
Insert into KH.USER_MEMBER (MEMBER_NO_SEQ,MEMBER_ID,MEMBER_PW,MEMBER_NAME,MEMBER_BIRTH,MEMBER_ADDR,MEMBER_TEL,MEMBER_EMAIL,MEMBER_ENABLED,MEMBER_GENDER,MEMBER_POINT,MEMBER_REGDATE,MEMBER_ROLE,MEMBER_BUIS_NUM) values (123,'user67','$2a$10$gyVRLKa0AKzSijSg0HPnZeGy60YkCB8L.tvmJOgIM/3B5Ir15Z62a','유저','1997-01-30','05843,서울 송파구 성남대로 1541-27,성남동','010-5546-2467','user3@naver.com','Y','남성',1000,to_date('19/11/20','RR/MM/DD'),'ROLE_USER',null);
Insert into KH.USER_MEMBER (MEMBER_NO_SEQ,MEMBER_ID,MEMBER_PW,MEMBER_NAME,MEMBER_BIRTH,MEMBER_ADDR,MEMBER_TEL,MEMBER_EMAIL,MEMBER_ENABLED,MEMBER_GENDER,MEMBER_POINT,MEMBER_REGDATE,MEMBER_ROLE,MEMBER_BUIS_NUM) values (124,'user68','$2a$10$gyVRLKa0AKzSijSg0HPnZeGy60YkCB8L.tvmJOgIM/3B5Ir15Z62a','유저','1997-01-30','05843,서울 송파구 성남대로 1541-27,성남동','010-5546-2467','user3@naver.com','Y','남성',1000,to_date('19/12/20','RR/MM/DD'),'ROLE_USER',null);
Insert into KH.USER_MEMBER (MEMBER_NO_SEQ,MEMBER_ID,MEMBER_PW,MEMBER_NAME,MEMBER_BIRTH,MEMBER_ADDR,MEMBER_TEL,MEMBER_EMAIL,MEMBER_ENABLED,MEMBER_GENDER,MEMBER_POINT,MEMBER_REGDATE,MEMBER_ROLE,MEMBER_BUIS_NUM) values (125,'user69','$2a$10$gyVRLKa0AKzSijSg0HPnZeGy60YkCB8L.tvmJOgIM/3B5Ir15Z62a','유저','1997-01-30','05843,서울 송파구 성남대로 1541-27,성남동','010-5546-2467','user3@naver.com','Y','남성',1000,to_date('19/12/20','RR/MM/DD'),'ROLE_USER',null);
Insert into KH.USER_MEMBER (MEMBER_NO_SEQ,MEMBER_ID,MEMBER_PW,MEMBER_NAME,MEMBER_BIRTH,MEMBER_ADDR,MEMBER_TEL,MEMBER_EMAIL,MEMBER_ENABLED,MEMBER_GENDER,MEMBER_POINT,MEMBER_REGDATE,MEMBER_ROLE,MEMBER_BUIS_NUM) values (126,'user70','$2a$10$gyVRLKa0AKzSijSg0HPnZeGy60YkCB8L.tvmJOgIM/3B5Ir15Z62a','유저','1997-01-30','05843,서울 송파구 성남대로 1541-27,성남동','010-5546-2467','user3@naver.com','Y','남성',1000,to_date('19/12/20','RR/MM/DD'),'ROLE_USER',null);
Insert into KH.USER_MEMBER (MEMBER_NO_SEQ,MEMBER_ID,MEMBER_PW,MEMBER_NAME,MEMBER_BIRTH,MEMBER_ADDR,MEMBER_TEL,MEMBER_EMAIL,MEMBER_ENABLED,MEMBER_GENDER,MEMBER_POINT,MEMBER_REGDATE,MEMBER_ROLE,MEMBER_BUIS_NUM) values (127,'user10000','$2a$10$WBckZXgeBz0ZpHEC/I4MZ.Bi/jxWTccoFVXQ1AKaao2uei8uQaPI2','유저','2019-10-10','05263,서울 강동구 암사길 1,암사길 ','010-4464-2313','user10000@naver.com','Y','남성',1000,to_date('19/10/24','RR/MM/DD'),'ROLE_USER',null);
Insert into KH.USER_MEMBER (MEMBER_NO_SEQ,MEMBER_ID,MEMBER_PW,MEMBER_NAME,MEMBER_BIRTH,MEMBER_ADDR,MEMBER_TEL,MEMBER_EMAIL,MEMBER_ENABLED,MEMBER_GENDER,MEMBER_POINT,MEMBER_REGDATE,MEMBER_ROLE,MEMBER_BUIS_NUM) values (129,'hydks7','$2a$10$oUGQ4dRabgPiuGL.83ONYOC8iRf3TyVH966nmKiuDE1I/WroWf/Y2','하준성','1992-10-01','06027,서울 강남구 압구정로 102,ㅋㅋㅋㅋ','010','hydks7@naver.com','Y','남성',1000,to_date('19/10/24','RR/MM/DD'),'ROLE_USER',null);
--------------------------------------------------------
--  DDL for Index SYS_C008179
--------------------------------------------------------

  CREATE UNIQUE INDEX "KH"."SYS_C008179" ON "KH"."USER_MEMBER" ("MEMBER_NO_SEQ") 
  PCTFREE 10 INITRANS 2 MAXTRANS 255 COMPUTE STATISTICS 
  STORAGE(INITIAL 65536 NEXT 1048576 MINEXTENTS 1 MAXEXTENTS 2147483645
  PCTINCREASE 0 FREELISTS 1 FREELIST GROUPS 1 BUFFER_POOL DEFAULT FLASH_CACHE DEFAULT CELL_FLASH_CACHE DEFAULT)
  TABLESPACE "USERS" ;
--------------------------------------------------------
--  DDL for Index SYS_C008180
--------------------------------------------------------

  CREATE UNIQUE INDEX "KH"."SYS_C008180" ON "KH"."USER_MEMBER" ("MEMBER_ID") 
  PCTFREE 10 INITRANS 2 MAXTRANS 255 COMPUTE STATISTICS 
  STORAGE(INITIAL 65536 NEXT 1048576 MINEXTENTS 1 MAXEXTENTS 2147483645
  PCTINCREASE 0 FREELISTS 1 FREELIST GROUPS 1 BUFFER_POOL DEFAULT FLASH_CACHE DEFAULT CELL_FLASH_CACHE DEFAULT)
  TABLESPACE "USERS" ;
--------------------------------------------------------
--  Constraints for Table USER_MEMBER
--------------------------------------------------------

  ALTER TABLE "KH"."USER_MEMBER" ADD UNIQUE ("MEMBER_ID")
  USING INDEX PCTFREE 10 INITRANS 2 MAXTRANS 255 COMPUTE STATISTICS 
  STORAGE(INITIAL 65536 NEXT 1048576 MINEXTENTS 1 MAXEXTENTS 2147483645
  PCTINCREASE 0 FREELISTS 1 FREELIST GROUPS 1 BUFFER_POOL DEFAULT FLASH_CACHE DEFAULT CELL_FLASH_CACHE DEFAULT)
  TABLESPACE "USERS"  ENABLE;
  ALTER TABLE "KH"."USER_MEMBER" ADD PRIMARY KEY ("MEMBER_NO_SEQ")
  USING INDEX PCTFREE 10 INITRANS 2 MAXTRANS 255 COMPUTE STATISTICS 
  STORAGE(INITIAL 65536 NEXT 1048576 MINEXTENTS 1 MAXEXTENTS 2147483645
  PCTINCREASE 0 FREELISTS 1 FREELIST GROUPS 1 BUFFER_POOL DEFAULT FLASH_CACHE DEFAULT CELL_FLASH_CACHE DEFAULT)
  TABLESPACE "USERS"  ENABLE;
  ALTER TABLE "KH"."USER_MEMBER" ADD CONSTRAINT "ENABLED_CK" CHECK (MEMBER_ENABLED IN ('Y','N')) ENABLE;
  ALTER TABLE "KH"."USER_MEMBER" MODIFY ("MEMBER_ROLE" NOT NULL ENABLE);
  ALTER TABLE "KH"."USER_MEMBER" MODIFY ("MEMBER_GENDER" NOT NULL ENABLE);
  ALTER TABLE "KH"."USER_MEMBER" MODIFY ("MEMBER_ENABLED" NOT NULL ENABLE);
  ALTER TABLE "KH"."USER_MEMBER" MODIFY ("MEMBER_EMAIL" NOT NULL ENABLE);
  ALTER TABLE "KH"."USER_MEMBER" MODIFY ("MEMBER_TEL" NOT NULL ENABLE);
  ALTER TABLE "KH"."USER_MEMBER" MODIFY ("MEMBER_ADDR" NOT NULL ENABLE);
  ALTER TABLE "KH"."USER_MEMBER" MODIFY ("MEMBER_BIRTH" NOT NULL ENABLE);
  ALTER TABLE "KH"."USER_MEMBER" MODIFY ("MEMBER_NAME" NOT NULL ENABLE);
  ALTER TABLE "KH"."USER_MEMBER" MODIFY ("MEMBER_PW" NOT NULL ENABLE);
  ALTER TABLE "KH"."USER_MEMBER" MODIFY ("MEMBER_ID" NOT NULL ENABLE);

  
  
-------------회사 정보 테이블-----------------
  
  --------------------------------------------------------
--  파일이 생성됨 - 목요일-10월-24-2019   
--------------------------------------------------------
--------------------------------------------------------
--  DDL for Table COMPANY_INFO
--------------------------------------------------------

  CREATE TABLE "KH"."COMPANY_INFO" 
   (	"MEMBER_NO_SEQ" NUMBER, 
	"COMPANY_NO_SEQ" NUMBER, 
	"COMPANY_TITLE" VARCHAR2(200 BYTE), 
	"COMPANY_NAME" VARCHAR2(200 BYTE), 
	"COMPANY_CATE" VARCHAR2(500 BYTE), 
	"COMPANY_CAPITAL" VARCHAR2(500 BYTE), 
	"COMPANY_TAKE" VARCHAR2(500 BYTE), 
	"COMPANY_REGDATE" VARCHAR2(500 BYTE), 
	"COMPANY_ALL_PEOPLE" VARCHAR2(100 BYTE), 
	"COMPANY_SALRAY" VARCHAR2(500 BYTE), 
	"COMPANY_URL" VARCHAR2(500 BYTE), 
	"COMPANY_LOGO_URL" VARCHAR2(500 BYTE)
   ) SEGMENT CREATION IMMEDIATE 
  PCTFREE 10 PCTUSED 40 INITRANS 1 MAXTRANS 255 NOCOMPRESS LOGGING
  STORAGE(INITIAL 65536 NEXT 1048576 MINEXTENTS 1 MAXEXTENTS 2147483645
  PCTINCREASE 0 FREELISTS 1 FREELIST GROUPS 1 BUFFER_POOL DEFAULT FLASH_CACHE DEFAULT CELL_FLASH_CACHE DEFAULT)
  TABLESPACE "USERS" ;
  
  CREATE SEQUENCE COMPANYNOSEQ
  START WITH 49 
  INCREMENT BY 1;
  
REM INSERTING into KH.COMPANY_INFO
SET DEFINE OFF;
Insert into KH.COMPANY_INFO (MEMBER_NO_SEQ,COMPANY_NO_SEQ,COMPANY_TITLE,COMPANY_NAME,COMPANY_CATE,COMPANY_CAPITAL,COMPANY_TAKE,COMPANY_REGDATE,COMPANY_ALL_PEOPLE,COMPANY_SALRAY,COMPANY_URL,COMPANY_LOGO_URL) values (40,41,'넷케이티아이','김성용','미디어/디자인','10억원','817억8천만원','2006-05-04','164','3888','http://www.netkti.co.kr','/resources/image/non_company_logo.png');
Insert into KH.COMPANY_INFO (MEMBER_NO_SEQ,COMPANY_NO_SEQ,COMPANY_TITLE,COMPANY_NAME,COMPANY_CATE,COMPANY_CAPITAL,COMPANY_TAKE,COMPANY_REGDATE,COMPANY_ALL_PEOPLE,COMPANY_SALRAY,COMPANY_URL,COMPANY_LOGO_URL) values (1,1,'한국농수산식품유통공사','이병호','유통/무역/운송','683억 3천만원','90억 1천만원','1967-12-01','684','3444','http://www.at.or.kr/','/resources/image/company_logo1.gif');
Insert into KH.COMPANY_INFO (MEMBER_NO_SEQ,COMPANY_NO_SEQ,COMPANY_TITLE,COMPANY_NAME,COMPANY_CATE,COMPANY_CAPITAL,COMPANY_TAKE,COMPANY_REGDATE,COMPANY_ALL_PEOPLE,COMPANY_SALRAY,COMPANY_URL,COMPANY_LOGO_URL) values (3,2,'(주)이머니','이인복','은행/금융업','8억 3000만원','149억 4천만원','2003-06-11','36','4675','http://www.x1.co.kr','/resources/image/company_logo2.jpg');
Insert into KH.COMPANY_INFO (MEMBER_NO_SEQ,COMPANY_NO_SEQ,COMPANY_TITLE,COMPANY_NAME,COMPANY_CATE,COMPANY_CAPITAL,COMPANY_TAKE,COMPANY_REGDATE,COMPANY_ALL_PEOPLE,COMPANY_SALRAY,COMPANY_URL,COMPANY_LOGO_URL) values (4,3,'(주)기아자동차','박한우/최준영','제조/화학',null,null,'1944-01-01',null,'5616','http://career.kia.com/kfront/main.do','/resources/image/company_logo3.jpg');
Insert into KH.COMPANY_INFO (MEMBER_NO_SEQ,COMPANY_NO_SEQ,COMPANY_TITLE,COMPANY_NAME,COMPANY_CATE,COMPANY_CAPITAL,COMPANY_TAKE,COMPANY_REGDATE,COMPANY_ALL_PEOPLE,COMPANY_SALRAY,COMPANY_URL,COMPANY_LOGO_URL) values (5,4,'(주)우아한형제들','김봉진','IT/웹/통신','1억 8만원','3,129억 5천만','2011-03-10','734','2800','http://www.woowahan.com','/resources/image/company_logo4.png');
Insert into KH.COMPANY_INFO (MEMBER_NO_SEQ,COMPANY_NO_SEQ,COMPANY_TITLE,COMPANY_NAME,COMPANY_CATE,COMPANY_CAPITAL,COMPANY_TAKE,COMPANY_REGDATE,COMPANY_ALL_PEOPLE,COMPANY_SALRAY,COMPANY_URL,COMPANY_LOGO_URL) values (6,5,'㈜오리온','이경재','제조/화학','197억 6천만원','1조 9,269억','2017-06-01','1773','5123','http://www.orionworld.com/','/resources/image/company_logo5.jpg');
Insert into KH.COMPANY_INFO (MEMBER_NO_SEQ,COMPANY_NO_SEQ,COMPANY_TITLE,COMPANY_NAME,COMPANY_CATE,COMPANY_CAPITAL,COMPANY_TAKE,COMPANY_REGDATE,COMPANY_ALL_PEOPLE,COMPANY_SALRAY,COMPANY_URL,COMPANY_LOGO_URL) values (7,6,'(주)큐로컴','조중기','IT/웹/통신',null,null,'1997-04-25','65','3000','http://www.curocom.com','/resources/image/company_logo6.jpg');
Insert into KH.COMPANY_INFO (MEMBER_NO_SEQ,COMPANY_NO_SEQ,COMPANY_TITLE,COMPANY_NAME,COMPANY_CATE,COMPANY_CAPITAL,COMPANY_TAKE,COMPANY_REGDATE,COMPANY_ALL_PEOPLE,COMPANY_SALRAY,COMPANY_URL,COMPANY_LOGO_URL) values (8,7,'현대무벡스','진정호,현기봉','IT/웹/통신','72억 9천만원','1,347억 3천만원','2005-07-01','302','5279','http://www.hyundaimovex.com','/resources/image/non_company_logo.png');
Insert into KH.COMPANY_INFO (MEMBER_NO_SEQ,COMPANY_NO_SEQ,COMPANY_TITLE,COMPANY_NAME,COMPANY_CATE,COMPANY_CAPITAL,COMPANY_TAKE,COMPANY_REGDATE,COMPANY_ALL_PEOPLE,COMPANY_SALRAY,COMPANY_URL,COMPANY_LOGO_URL) values (9,8,'한국정보통신(주)','권순배','IT/웹/통신','194억원','3739억','1986-01-01','248','3800','http://www.kicc.co.kr/','/resources/image/company_logo7.jpg');
Insert into KH.COMPANY_INFO (MEMBER_NO_SEQ,COMPANY_NO_SEQ,COMPANY_TITLE,COMPANY_NAME,COMPANY_CATE,COMPANY_CAPITAL,COMPANY_TAKE,COMPANY_REGDATE,COMPANY_ALL_PEOPLE,COMPANY_SALRAY,COMPANY_URL,COMPANY_LOGO_URL) values (10,9,'(주)하나금융티아이','유시완','IT/웹/통신','1,000억원','1664억원','1990-08-30','750','3555','https://www.hanati.co.kr','/resources/image/company_logo8.png');
Insert into KH.COMPANY_INFO (MEMBER_NO_SEQ,COMPANY_NO_SEQ,COMPANY_TITLE,COMPANY_NAME,COMPANY_CATE,COMPANY_CAPITAL,COMPANY_TAKE,COMPANY_REGDATE,COMPANY_ALL_PEOPLE,COMPANY_SALRAY,COMPANY_URL,COMPANY_LOGO_URL) values (11,10,'(주)엔디에스','김중원','IT/웹/통신','63억원','1,032억 7천만원','1993-01-08','381','4874','http://nds.nongshim.co.kr','/resources/image/company_logo9.png');
Insert into KH.COMPANY_INFO (MEMBER_NO_SEQ,COMPANY_NO_SEQ,COMPANY_TITLE,COMPANY_NAME,COMPANY_CATE,COMPANY_CAPITAL,COMPANY_TAKE,COMPANY_REGDATE,COMPANY_ALL_PEOPLE,COMPANY_SALRAY,COMPANY_URL,COMPANY_LOGO_URL) values (12,11,'(주)퀄리소프트','변유신','IT/웹/통신','500만원','2억 3,352만원','2014-09-12','6','2900','http://www.qualisoft.co.kr','/resources/image/non_company_logo.png');
Insert into KH.COMPANY_INFO (MEMBER_NO_SEQ,COMPANY_NO_SEQ,COMPANY_TITLE,COMPANY_NAME,COMPANY_CATE,COMPANY_CAPITAL,COMPANY_TAKE,COMPANY_REGDATE,COMPANY_ALL_PEOPLE,COMPANY_SALRAY,COMPANY_URL,COMPANY_LOGO_URL) values (13,12,'KCC정보통신(주)','권혁상/이상현','IT/웹/통신','30억원','1,011억 3천만원','1967-10-12','405','3400','http://www.kcc.co.kr','/resources/image/company_logo10.jpg');
Insert into KH.COMPANY_INFO (MEMBER_NO_SEQ,COMPANY_NO_SEQ,COMPANY_TITLE,COMPANY_NAME,COMPANY_CATE,COMPANY_CAPITAL,COMPANY_TAKE,COMPANY_REGDATE,COMPANY_ALL_PEOPLE,COMPANY_SALRAY,COMPANY_URL,COMPANY_LOGO_URL) values (14,13,'(주)마이셀럽스','신지현','미디어/디자인','41억원','6억 9천만원','2014-11-05','50','3210','https://www.mycelebs.com/','/resources/image/company_logo11.png');
Insert into KH.COMPANY_INFO (MEMBER_NO_SEQ,COMPANY_NO_SEQ,COMPANY_TITLE,COMPANY_NAME,COMPANY_CATE,COMPANY_CAPITAL,COMPANY_TAKE,COMPANY_REGDATE,COMPANY_ALL_PEOPLE,COMPANY_SALRAY,COMPANY_URL,COMPANY_LOGO_URL) values (15,14,'갤럭시아커뮤니케이션즈(주)','김용광','IT/웹/통신','196억 1천만원','813억 8천만원','1994-10-05','120','4000','http://www.galaxiacommunications.co.kr','/resources/image/company_logo12.png');
Insert into KH.COMPANY_INFO (MEMBER_NO_SEQ,COMPANY_NO_SEQ,COMPANY_TITLE,COMPANY_NAME,COMPANY_CATE,COMPANY_CAPITAL,COMPANY_TAKE,COMPANY_REGDATE,COMPANY_ALL_PEOPLE,COMPANY_SALRAY,COMPANY_URL,COMPANY_LOGO_URL) values (16,15,'엠비아이솔루션','김범수/오윤석','IT/웹/통신',null,null,'2016-02-22','31','2900','https://happytalk.io','/resources/image/non_company_logo.png');
Insert into KH.COMPANY_INFO (MEMBER_NO_SEQ,COMPANY_NO_SEQ,COMPANY_TITLE,COMPANY_NAME,COMPANY_CATE,COMPANY_CAPITAL,COMPANY_TAKE,COMPANY_REGDATE,COMPANY_ALL_PEOPLE,COMPANY_SALRAY,COMPANY_URL,COMPANY_LOGO_URL) values (17,16,'(주)티머니','김태극','IT/웹/통신','594억 7천만원','2500억','2003-10-06','258','5616','http://www.tmoney.co.kr','/resources/image/company_logo13.jpg');
Insert into KH.COMPANY_INFO (MEMBER_NO_SEQ,COMPANY_NO_SEQ,COMPANY_TITLE,COMPANY_NAME,COMPANY_CATE,COMPANY_CAPITAL,COMPANY_TAKE,COMPANY_REGDATE,COMPANY_ALL_PEOPLE,COMPANY_SALRAY,COMPANY_URL,COMPANY_LOGO_URL) values (18,17,'세아상역(주)','하정수','유통/무역/운송','242억 1천만원','1조 7,658억원','1986-03-06','882','4520','http://www.sae-a.com','/resources/image/company_logo14.png');
Insert into KH.COMPANY_INFO (MEMBER_NO_SEQ,COMPANY_NO_SEQ,COMPANY_TITLE,COMPANY_NAME,COMPANY_CATE,COMPANY_CAPITAL,COMPANY_TAKE,COMPANY_REGDATE,COMPANY_ALL_PEOPLE,COMPANY_SALRAY,COMPANY_URL,COMPANY_LOGO_URL) values (19,18,'수협은행','이동빈','은행/금융업','6,600억원','1조 4,983억원','2016-12-01','1728','4400','http://www.suhyup-bank.com','/resources/image/company_logo15.jpg');
Insert into KH.COMPANY_INFO (MEMBER_NO_SEQ,COMPANY_NO_SEQ,COMPANY_TITLE,COMPANY_NAME,COMPANY_CATE,COMPANY_CAPITAL,COMPANY_TAKE,COMPANY_REGDATE,COMPANY_ALL_PEOPLE,COMPANY_SALRAY,COMPANY_URL,COMPANY_LOGO_URL) values (20,19,'안랩','권치중','IT/웹/통신','51억8천만원','1565억5천만원','1995-03-18','1169','5237','http://www.ahnlab.com','/resources/image/company_logo16.png');
Insert into KH.COMPANY_INFO (MEMBER_NO_SEQ,COMPANY_NO_SEQ,COMPANY_TITLE,COMPANY_NAME,COMPANY_CATE,COMPANY_CAPITAL,COMPANY_TAKE,COMPANY_REGDATE,COMPANY_ALL_PEOPLE,COMPANY_SALRAY,COMPANY_URL,COMPANY_LOGO_URL) values (21,20,'(주)마이다스아이티','정승식','IT/웹/통신','20억 2천만원','721억 5천만원','2000-09-01','371','4300','http://www.midasit.com','/resources/image/company_logo17.jpg');
Insert into KH.COMPANY_INFO (MEMBER_NO_SEQ,COMPANY_NO_SEQ,COMPANY_TITLE,COMPANY_NAME,COMPANY_CATE,COMPANY_CAPITAL,COMPANY_TAKE,COMPANY_REGDATE,COMPANY_ALL_PEOPLE,COMPANY_SALRAY,COMPANY_URL,COMPANY_LOGO_URL) values (22,21,'스몰빌','박세환','미디어/디자인','900만원','1억6604만원','2010-09-15','4','3600',null,'/resources/image/non_company_logo.png');
Insert into KH.COMPANY_INFO (MEMBER_NO_SEQ,COMPANY_NO_SEQ,COMPANY_TITLE,COMPANY_NAME,COMPANY_CATE,COMPANY_CAPITAL,COMPANY_TAKE,COMPANY_REGDATE,COMPANY_ALL_PEOPLE,COMPANY_SALRAY,COMPANY_URL,COMPANY_LOGO_URL) values (23,22,'뮤직엔닷컴','오재명','IT/웹/통신','8000만원','4억3천만원','2006-04-01','7','3800','http://musicen.com','/resources/image/non_company_logo.png');
Insert into KH.COMPANY_INFO (MEMBER_NO_SEQ,COMPANY_NO_SEQ,COMPANY_TITLE,COMPANY_NAME,COMPANY_CATE,COMPANY_CAPITAL,COMPANY_TAKE,COMPANY_REGDATE,COMPANY_ALL_PEOPLE,COMPANY_SALRAY,COMPANY_URL,COMPANY_LOGO_URL) values (24,23,'대한적십자사','박경서','의료/제약/복지','1990억1천만원','6440억3천만원','1948-10-27','3479','5414','http://www.redcross.or.kr','/resources/image/company_logo18.jpg');
Insert into KH.COMPANY_INFO (MEMBER_NO_SEQ,COMPANY_NO_SEQ,COMPANY_TITLE,COMPANY_NAME,COMPANY_CATE,COMPANY_CAPITAL,COMPANY_TAKE,COMPANY_REGDATE,COMPANY_ALL_PEOPLE,COMPANY_SALRAY,COMPANY_URL,COMPANY_LOGO_URL) values (25,24,'건국대학교병원','한설희','의료/제약/복지',null,null,'1931-01-01','2400','5700','http://www.kuh.ac.kr/bin/main/main.asp','/resources/image/company_logo19.png');
Insert into KH.COMPANY_INFO (MEMBER_NO_SEQ,COMPANY_NO_SEQ,COMPANY_TITLE,COMPANY_NAME,COMPANY_CATE,COMPANY_CAPITAL,COMPANY_TAKE,COMPANY_REGDATE,COMPANY_ALL_PEOPLE,COMPANY_SALRAY,COMPANY_URL,COMPANY_LOGO_URL) values (26,25,'대교','박수완','교육업','521억원','8207억원','1976-07-09','2547','4073','http://www.daekyo.com','/resources/image/company_logo19.png');
Insert into KH.COMPANY_INFO (MEMBER_NO_SEQ,COMPANY_NO_SEQ,COMPANY_TITLE,COMPANY_NAME,COMPANY_CATE,COMPANY_CAPITAL,COMPANY_TAKE,COMPANY_REGDATE,COMPANY_ALL_PEOPLE,COMPANY_SALRAY,COMPANY_URL,COMPANY_LOGO_URL) values (27,26,'더이앤엠','이승환,신환률','미디어/디자인','91억8천만원','271억4천만원','2002-07-01','93','5700','http://www.theenm.com','/resources/image/company_logo20.png');
Insert into KH.COMPANY_INFO (MEMBER_NO_SEQ,COMPANY_NO_SEQ,COMPANY_TITLE,COMPANY_NAME,COMPANY_CATE,COMPANY_CAPITAL,COMPANY_TAKE,COMPANY_REGDATE,COMPANY_ALL_PEOPLE,COMPANY_SALRAY,COMPANY_URL,COMPANY_LOGO_URL) values (28,27,'엔씨소프트','김택진','IT/웹/통신','100억원','1조7587억원','1997-03-11','3378','5416','http://kr.ncsoft.com','/resources/image/company_logo21.jpg');
Insert into KH.COMPANY_INFO (MEMBER_NO_SEQ,COMPANY_NO_SEQ,COMPANY_TITLE,COMPANY_NAME,COMPANY_CATE,COMPANY_CAPITAL,COMPANY_TAKE,COMPANY_REGDATE,COMPANY_ALL_PEOPLE,COMPANY_SALRAY,COMPANY_URL,COMPANY_LOGO_URL) values (29,28,'액토즈소프트','구오하이빈','IT/웹/통신',null,null,'1996-10-29','100','4700','http://www.actoz.com','/resources/image/non_company_logo.png');
Insert into KH.COMPANY_INFO (MEMBER_NO_SEQ,COMPANY_NO_SEQ,COMPANY_TITLE,COMPANY_NAME,COMPANY_CATE,COMPANY_CAPITAL,COMPANY_TAKE,COMPANY_REGDATE,COMPANY_ALL_PEOPLE,COMPANY_SALRAY,COMPANY_URL,COMPANY_LOGO_URL) values (30,29,'모리스','문윤호','유통/무역/운송','2억8800만원',null,'1997-10-10','68','3700','http://www.morris.co.kr','/resources/image/company_logo22.jpg');
Insert into KH.COMPANY_INFO (MEMBER_NO_SEQ,COMPANY_NO_SEQ,COMPANY_TITLE,COMPANY_NAME,COMPANY_CATE,COMPANY_CAPITAL,COMPANY_TAKE,COMPANY_REGDATE,COMPANY_ALL_PEOPLE,COMPANY_SALRAY,COMPANY_URL,COMPANY_LOGO_URL) values (31,30,'한세실업','김익환','유통/무역/운송','200억원','1조3166억원','2009-01-06','624','6607','http://www.hansae.com','/resources/image/company_logo23.jpg');
Insert into KH.COMPANY_INFO (MEMBER_NO_SEQ,COMPANY_NO_SEQ,COMPANY_TITLE,COMPANY_NAME,COMPANY_CATE,COMPANY_CAPITAL,COMPANY_TAKE,COMPANY_REGDATE,COMPANY_ALL_PEOPLE,COMPANY_SALRAY,COMPANY_URL,COMPANY_LOGO_URL) values (32,31,'디쉐어','현승원','IT/웹/통신','5000만원','500억','2011-01-06','800','3600','http://www.dshare.co.kr/','/resources/image/non_company_logo.png');
Insert into KH.COMPANY_INFO (MEMBER_NO_SEQ,COMPANY_NO_SEQ,COMPANY_TITLE,COMPANY_NAME,COMPANY_CATE,COMPANY_CAPITAL,COMPANY_TAKE,COMPANY_REGDATE,COMPANY_ALL_PEOPLE,COMPANY_SALRAY,COMPANY_URL,COMPANY_LOGO_URL) values (33,32,'원익그룹','이현덕,이재경','IT/웹/통신','206억원','6490억원','2016-01-01','1306','5742','http://www.ips.co.kr','/resources/image/non_company_logo.png');
Insert into KH.COMPANY_INFO (MEMBER_NO_SEQ,COMPANY_NO_SEQ,COMPANY_TITLE,COMPANY_NAME,COMPANY_CATE,COMPANY_CAPITAL,COMPANY_TAKE,COMPANY_REGDATE,COMPANY_ALL_PEOPLE,COMPANY_SALRAY,COMPANY_URL,COMPANY_LOGO_URL) values (34,33,'지학사','권병일,권준구','미디어/디자인','11억원','450억원','1965-08-26','200','3813','http://www.jihak.co.kr','/resources/image/company_logo24.jpg');
Insert into KH.COMPANY_INFO (MEMBER_NO_SEQ,COMPANY_NO_SEQ,COMPANY_TITLE,COMPANY_NAME,COMPANY_CATE,COMPANY_CAPITAL,COMPANY_TAKE,COMPANY_REGDATE,COMPANY_ALL_PEOPLE,COMPANY_SALRAY,COMPANY_URL,COMPANY_LOGO_URL) values (35,34,'유진기업','최종성','건설업','385억6천만원','7809억8천만원','1984-06-13','669','5247','https://www.eugenegroup.co.kr/','/resources/image/company_logo25.jpg');
Insert into KH.COMPANY_INFO (MEMBER_NO_SEQ,COMPANY_NO_SEQ,COMPANY_TITLE,COMPANY_NAME,COMPANY_CATE,COMPANY_CAPITAL,COMPANY_TAKE,COMPANY_REGDATE,COMPANY_ALL_PEOPLE,COMPANY_SALRAY,COMPANY_URL,COMPANY_LOGO_URL) values (38,38,'삼원에스앤디','오철,김태열','건설업','26억원','1423억원','1982-04-25','184','4300','http://www.samwonsd.co.kr','/resources/image/company_logo26.jpg');
Insert into KH.COMPANY_INFO (MEMBER_NO_SEQ,COMPANY_NO_SEQ,COMPANY_TITLE,COMPANY_NAME,COMPANY_CATE,COMPANY_CAPITAL,COMPANY_TAKE,COMPANY_REGDATE,COMPANY_ALL_PEOPLE,COMPANY_SALRAY,COMPANY_URL,COMPANY_LOGO_URL) values (39,39,'엠씨넥스','민동욱','미디어/디자인','86억1천만원','6276억4천만원','2004-12-22','438','3500','http://www.mcnex.com','/resources/image/company_logo27.jpg');
Insert into KH.COMPANY_INFO (MEMBER_NO_SEQ,COMPANY_NO_SEQ,COMPANY_TITLE,COMPANY_NAME,COMPANY_CATE,COMPANY_CAPITAL,COMPANY_TAKE,COMPANY_REGDATE,COMPANY_ALL_PEOPLE,COMPANY_SALRAY,COMPANY_URL,COMPANY_LOGO_URL) values (39,40,'엠씨넥스','민동욱','미디어/디자인','86억1천만원','6276억4천만원','2004-12-22','438','3300','http://www.mcnex.com','/resources/image/company_logo27.jpg');
Insert into KH.COMPANY_INFO (MEMBER_NO_SEQ,COMPANY_NO_SEQ,COMPANY_TITLE,COMPANY_NAME,COMPANY_CATE,COMPANY_CAPITAL,COMPANY_TAKE,COMPANY_REGDATE,COMPANY_ALL_PEOPLE,COMPANY_SALRAY,COMPANY_URL,COMPANY_LOGO_URL) values (41,42,'귀뚜라미','이영수','제조/화학','166억8천만원','1452억1천만원','1963-09-30','230','4000','http://www.bac.co.kr','/resources/image/non_company_logo.png');
Insert into KH.COMPANY_INFO (MEMBER_NO_SEQ,COMPANY_NO_SEQ,COMPANY_TITLE,COMPANY_NAME,COMPANY_CATE,COMPANY_CAPITAL,COMPANY_TAKE,COMPANY_REGDATE,COMPANY_ALL_PEOPLE,COMPANY_SALRAY,COMPANY_URL,COMPANY_LOGO_URL) values (42,44,'비에이치아이','우종인,조원래','제조/화학','130억원','2060억8천만원','1998-06-12','397','5750','http://www.bhi.co.kr','/resources/image/company_logo28.png');
Insert into KH.COMPANY_INFO (MEMBER_NO_SEQ,COMPANY_NO_SEQ,COMPANY_TITLE,COMPANY_NAME,COMPANY_CATE,COMPANY_CAPITAL,COMPANY_TAKE,COMPANY_REGDATE,COMPANY_ALL_PEOPLE,COMPANY_SALRAY,COMPANY_URL,COMPANY_LOGO_URL) values (43,45,'FHIKOREA','신상용','유통/무역/운송','1억원','72억3천만원','2007-06-27','10','3200','http://www.fhikorea.com','/resources/image/non_company_logo.png');
Insert into KH.COMPANY_INFO (MEMBER_NO_SEQ,COMPANY_NO_SEQ,COMPANY_TITLE,COMPANY_NAME,COMPANY_CATE,COMPANY_CAPITAL,COMPANY_TAKE,COMPANY_REGDATE,COMPANY_ALL_PEOPLE,COMPANY_SALRAY,COMPANY_URL,COMPANY_LOGO_URL) values (44,46,'동원개발','장복만','건설업','454억원','6078억9천만원','1978-03-31','201','3100','http://www.dongwonapt.co.kr','/resources/image/company_logo29.jpg');
Insert into KH.COMPANY_INFO (MEMBER_NO_SEQ,COMPANY_NO_SEQ,COMPANY_TITLE,COMPANY_NAME,COMPANY_CATE,COMPANY_CAPITAL,COMPANY_TAKE,COMPANY_REGDATE,COMPANY_ALL_PEOPLE,COMPANY_SALRAY,COMPANY_URL,COMPANY_LOGO_URL) values (45,47,'신화푸드','김지연','서비스업','2억원','1700억원','1998-07-30','1600','3400','http://shinhwaifood.co.kr','/resources/image/company_logo30.jpg');
Insert into KH.COMPANY_INFO (MEMBER_NO_SEQ,COMPANY_NO_SEQ,COMPANY_TITLE,COMPANY_NAME,COMPANY_CATE,COMPANY_CAPITAL,COMPANY_TAKE,COMPANY_REGDATE,COMPANY_ALL_PEOPLE,COMPANY_SALRAY,COMPANY_URL,COMPANY_LOGO_URL) values (46,48,'오피스디포코리아','송지헌','유통/무역/운송','77억1천만원','1030억원','1998-01-01','400','3500','http://www.officedepot.co.kr','/resources/image/company_logo31.jpg');
--------------------------------------------------------
--  DDL for Index SYS_C008151
--------------------------------------------------------

  CREATE UNIQUE INDEX "KH"."SYS_C008151" ON "KH"."COMPANY_INFO" ("COMPANY_NO_SEQ") 
  PCTFREE 10 INITRANS 2 MAXTRANS 255 COMPUTE STATISTICS 
  STORAGE(INITIAL 65536 NEXT 1048576 MINEXTENTS 1 MAXEXTENTS 2147483645
  PCTINCREASE 0 FREELISTS 1 FREELIST GROUPS 1 BUFFER_POOL DEFAULT FLASH_CACHE DEFAULT CELL_FLASH_CACHE DEFAULT)
  TABLESPACE "USERS" ;
--------------------------------------------------------
--  Constraints for Table COMPANY_INFO
--------------------------------------------------------

  ALTER TABLE "KH"."COMPANY_INFO" ADD PRIMARY KEY ("COMPANY_NO_SEQ")
  USING INDEX PCTFREE 10 INITRANS 2 MAXTRANS 255 COMPUTE STATISTICS 
  STORAGE(INITIAL 65536 NEXT 1048576 MINEXTENTS 1 MAXEXTENTS 2147483645
  PCTINCREASE 0 FREELISTS 1 FREELIST GROUPS 1 BUFFER_POOL DEFAULT FLASH_CACHE DEFAULT CELL_FLASH_CACHE DEFAULT)
  TABLESPACE "USERS"  ENABLE;
--------------------------------------------------------
--  Ref Constraints for Table COMPANY_INFO
--------------------------------------------------------

  ALTER TABLE "KH"."COMPANY_INFO" ADD FOREIGN KEY ("MEMBER_NO_SEQ")
	  REFERENCES "KH"."USER_MEMBER" ("MEMBER_NO_SEQ") ENABLE;

	  
	  
----유저 이력서 테이블----------	  
--------------------------------------------------------
--  파일이 생성됨 - 목요일-10월-24-2019   
--------------------------------------------------------
--------------------------------------------------------
--  DDL for Table USER_RESUME
--------------------------------------------------------

  CREATE TABLE "KH"."USER_RESUME" 
   (	"RESUME_NO_SEQ" NUMBER, 
	"MEMBER_NO_SEQ" NUMBER, 
	"RESUME_DATE" DATE
   ) SEGMENT CREATION IMMEDIATE 
  PCTFREE 10 PCTUSED 40 INITRANS 1 MAXTRANS 255 NOCOMPRESS LOGGING
  STORAGE(INITIAL 65536 NEXT 1048576 MINEXTENTS 1 MAXEXTENTS 2147483645
  PCTINCREASE 0 FREELISTS 1 FREELIST GROUPS 1 BUFFER_POOL DEFAULT FLASH_CACHE DEFAULT CELL_FLASH_CACHE DEFAULT)
  TABLESPACE "USERS" ;
  
  CREATE SEQUENCE RESUMESEQ
  START WITH 100 
  INCREMENT BY 1;
  
  
REM INSERTING into KH.USER_RESUME
SET DEFINE OFF;
Insert into KH.USER_RESUME (RESUME_NO_SEQ,MEMBER_NO_SEQ,RESUME_DATE) values (21,37,to_date('19/10/23','RR/MM/DD'));
Insert into KH.USER_RESUME (RESUME_NO_SEQ,MEMBER_NO_SEQ,RESUME_DATE) values (25,58,to_date('19/10/23','RR/MM/DD'));
Insert into KH.USER_RESUME (RESUME_NO_SEQ,MEMBER_NO_SEQ,RESUME_DATE) values (29,59,to_date('19/10/23','RR/MM/DD'));
Insert into KH.USER_RESUME (RESUME_NO_SEQ,MEMBER_NO_SEQ,RESUME_DATE) values (33,61,to_date('19/10/23','RR/MM/DD'));
Insert into KH.USER_RESUME (RESUME_NO_SEQ,MEMBER_NO_SEQ,RESUME_DATE) values (41,128,to_date('19/10/24','RR/MM/DD'));
Insert into KH.USER_RESUME (RESUME_NO_SEQ,MEMBER_NO_SEQ,RESUME_DATE) values (43,128,to_date('19/10/24','RR/MM/DD'));
Insert into KH.USER_RESUME (RESUME_NO_SEQ,MEMBER_NO_SEQ,RESUME_DATE) values (47,64,to_date('19/10/24','RR/MM/DD'));
Insert into KH.USER_RESUME (RESUME_NO_SEQ,MEMBER_NO_SEQ,RESUME_DATE) values (4,54,to_date('19/10/21','RR/MM/DD'));
Insert into KH.USER_RESUME (RESUME_NO_SEQ,MEMBER_NO_SEQ,RESUME_DATE) values (1,54,to_date('19/10/21','RR/MM/DD'));
--------------------------------------------------------
--  DDL for Index SYS_C008239
--------------------------------------------------------

  CREATE UNIQUE INDEX "KH"."SYS_C008239" ON "KH"."USER_RESUME" ("RESUME_NO_SEQ") 
  PCTFREE 10 INITRANS 2 MAXTRANS 255 
  STORAGE(INITIAL 65536 NEXT 1048576 MINEXTENTS 1 MAXEXTENTS 2147483645
  PCTINCREASE 0 FREELISTS 1 FREELIST GROUPS 1 BUFFER_POOL DEFAULT FLASH_CACHE DEFAULT CELL_FLASH_CACHE DEFAULT)
  TABLESPACE "USERS" ;
--------------------------------------------------------
--  Constraints for Table USER_RESUME
--------------------------------------------------------

  ALTER TABLE "KH"."USER_RESUME" ADD PRIMARY KEY ("RESUME_NO_SEQ")
  USING INDEX PCTFREE 10 INITRANS 2 MAXTRANS 255 
  STORAGE(INITIAL 65536 NEXT 1048576 MINEXTENTS 1 MAXEXTENTS 2147483645
  PCTINCREASE 0 FREELISTS 1 FREELIST GROUPS 1 BUFFER_POOL DEFAULT FLASH_CACHE DEFAULT CELL_FLASH_CACHE DEFAULT)
  TABLESPACE "USERS"  ENABLE;
  ALTER TABLE "KH"."USER_RESUME" MODIFY ("RESUME_DATE" NOT NULL ENABLE);
--------------------------------------------------------
--  Ref Constraints for Table USER_RESUME
--------------------------------------------------------

  ALTER TABLE "KH"."USER_RESUME" ADD FOREIGN KEY ("MEMBER_NO_SEQ")
	  REFERENCES "KH"."USER_MEMBER" ("MEMBER_NO_SEQ") ENABLE;

	  
----이력서 디테일 테이블-----
--------------------------------------------------------
--  파일이 생성됨 - 목요일-10월-24-2019   
--------------------------------------------------------
--------------------------------------------------------
--  DDL for Table USER_RESUME_DETAIL
--------------------------------------------------------

  CREATE TABLE "KH"."USER_RESUME_DETAIL" 
   (	"RESUME_NO_SEQ" NUMBER, 
	"MEMBER_NO_SEQ" NUMBER, 
	"RESUME_TITLE" VARCHAR2(500 BYTE), 
	"RESUME_PHOTO" VARCHAR2(2000 BYTE), 
	"RESUME_MILITARY_CHK" VARCHAR2(100 BYTE), 
	"RESUME_MILITARY_GROUP" VARCHAR2(100 BYTE), 
	"RESUME_MILITARY_LASTCLASS" VARCHAR2(100 BYTE), 
	"RESUME_MILITARY_STARTDAY" VARCHAR2(100 BYTE), 
	"RESUME_MILITARY_ENDDAY" VARCHAR2(100 BYTE), 
	"RESUME_FINAL_EDU" VARCHAR2(300 BYTE), 
	"RESUME_SCHOOLNAME" VARCHAR2(100 BYTE), 
	"RESUME_GRADUATED_YEAR" VARCHAR2(100 BYTE), 
	"RESUME_GRADUATED_STATE" VARCHAR2(100 BYTE), 
	"RESUME_CRTI_ONE_NAME" VARCHAR2(100 BYTE), 
	"RESUME_CRTI_ONE_ISSUE" VARCHAR2(100 BYTE), 
	"RESUME_CRTI_ONE_DAY" VARCHAR2(100 BYTE), 
	"RESUME_CRTI_TWO_NAME" VARCHAR2(100 BYTE), 
	"RESUME_CRTI_TWO_ISSUE" VARCHAR2(100 BYTE), 
	"RESUME_CRTI_TWO_DAY" VARCHAR2(100 BYTE), 
	"RESUME_CRTI_THREE_NAME" VARCHAR2(100 BYTE), 
	"RESUME_CRTI_THREE_ISSUE" VARCHAR2(100 BYTE), 
	"RESUME_CRTI_THREE_DAY" VARCHAR2(100 BYTE), 
	"RESUME_SELF_ONE_TITLE" VARCHAR2(600 BYTE), 
	"RESUME_SELF_ONE_CONTENT" VARCHAR2(2000 BYTE), 
	"RESUME_SELF_TWO_TITLE" VARCHAR2(600 BYTE), 
	"RESUME_SELF_TWO_CONTENT" VARCHAR2(2000 BYTE)
   ) SEGMENT CREATION IMMEDIATE 
  PCTFREE 10 PCTUSED 40 INITRANS 1 MAXTRANS 255 NOCOMPRESS LOGGING
  STORAGE(INITIAL 65536 NEXT 1048576 MINEXTENTS 1 MAXEXTENTS 2147483645
  PCTINCREASE 0 FREELISTS 1 FREELIST GROUPS 1 BUFFER_POOL DEFAULT FLASH_CACHE DEFAULT CELL_FLASH_CACHE DEFAULT)
  TABLESPACE "USERS" ;
REM INSERTING into KH.USER_RESUME_DETAIL
SET DEFINE OFF;
Insert into KH.USER_RESUME_DETAIL (RESUME_NO_SEQ,MEMBER_NO_SEQ,RESUME_TITLE,RESUME_PHOTO,RESUME_MILITARY_CHK,RESUME_MILITARY_GROUP,RESUME_MILITARY_LASTCLASS,RESUME_MILITARY_STARTDAY,RESUME_MILITARY_ENDDAY,RESUME_FINAL_EDU,RESUME_SCHOOLNAME,RESUME_GRADUATED_YEAR,RESUME_GRADUATED_STATE,RESUME_CRTI_ONE_NAME,RESUME_CRTI_ONE_ISSUE,RESUME_CRTI_ONE_DAY,RESUME_CRTI_TWO_NAME,RESUME_CRTI_TWO_ISSUE,RESUME_CRTI_TWO_DAY,RESUME_CRTI_THREE_NAME,RESUME_CRTI_THREE_ISSUE,RESUME_CRTI_THREE_DAY,RESUME_SELF_ONE_TITLE,RESUME_SELF_ONE_CONTENT,RESUME_SELF_TWO_TITLE,RESUME_SELF_TWO_CONTENT) values (21,37,'이력서 유저1','/resources/image/user2.png','Y',null,null,'2019-10-16','2019-10-24','대학~대학원 이상 졸업','동서울대학교',null,'졸업',null,null,null,null,null,null,null,null,null,'성격의 장단점','성격의 장단점이다',null,null);
Insert into KH.USER_RESUME_DETAIL (RESUME_NO_SEQ,MEMBER_NO_SEQ,RESUME_TITLE,RESUME_PHOTO,RESUME_MILITARY_CHK,RESUME_MILITARY_GROUP,RESUME_MILITARY_LASTCLASS,RESUME_MILITARY_STARTDAY,RESUME_MILITARY_ENDDAY,RESUME_FINAL_EDU,RESUME_SCHOOLNAME,RESUME_GRADUATED_YEAR,RESUME_GRADUATED_STATE,RESUME_CRTI_ONE_NAME,RESUME_CRTI_ONE_ISSUE,RESUME_CRTI_ONE_DAY,RESUME_CRTI_TWO_NAME,RESUME_CRTI_TWO_ISSUE,RESUME_CRTI_TWO_DAY,RESUME_CRTI_THREE_NAME,RESUME_CRTI_THREE_ISSUE,RESUME_CRTI_THREE_DAY,RESUME_SELF_ONE_TITLE,RESUME_SELF_ONE_CONTENT,RESUME_SELF_TWO_TITLE,RESUME_SELF_TWO_CONTENT) values (25,58,'안녕하세요 이력서입니다','/resources/image/user3.png',null,null,null,null,null,'고등학교 졸업','고등학교 졸업','2011-02-01','졸업',null,null,null,null,null,null,null,null,null,'자기소개서','안녕하세요 저는 유저 2 입니다.','성격의 장단점','성격은 착합니다');
Insert into KH.USER_RESUME_DETAIL (RESUME_NO_SEQ,MEMBER_NO_SEQ,RESUME_TITLE,RESUME_PHOTO,RESUME_MILITARY_CHK,RESUME_MILITARY_GROUP,RESUME_MILITARY_LASTCLASS,RESUME_MILITARY_STARTDAY,RESUME_MILITARY_ENDDAY,RESUME_FINAL_EDU,RESUME_SCHOOLNAME,RESUME_GRADUATED_YEAR,RESUME_GRADUATED_STATE,RESUME_CRTI_ONE_NAME,RESUME_CRTI_ONE_ISSUE,RESUME_CRTI_ONE_DAY,RESUME_CRTI_TWO_NAME,RESUME_CRTI_TWO_ISSUE,RESUME_CRTI_TWO_DAY,RESUME_CRTI_THREE_NAME,RESUME_CRTI_THREE_ISSUE,RESUME_CRTI_THREE_DAY,RESUME_SELF_ONE_TITLE,RESUME_SELF_ONE_CONTENT,RESUME_SELF_TWO_TITLE,RESUME_SELF_TWO_CONTENT) values (29,59,'내이력서','/resources/image/user4.png','N',null,null,null,null,'대학~대학원 이상 졸업','동서울대학교',null,'졸업',null,null,null,null,null,null,null,null,null,'성격의 장단점','저의 성격은 조용하고 차분하며 꼼꼼합니다.',null,null);
Insert into KH.USER_RESUME_DETAIL (RESUME_NO_SEQ,MEMBER_NO_SEQ,RESUME_TITLE,RESUME_PHOTO,RESUME_MILITARY_CHK,RESUME_MILITARY_GROUP,RESUME_MILITARY_LASTCLASS,RESUME_MILITARY_STARTDAY,RESUME_MILITARY_ENDDAY,RESUME_FINAL_EDU,RESUME_SCHOOLNAME,RESUME_GRADUATED_YEAR,RESUME_GRADUATED_STATE,RESUME_CRTI_ONE_NAME,RESUME_CRTI_ONE_ISSUE,RESUME_CRTI_ONE_DAY,RESUME_CRTI_TWO_NAME,RESUME_CRTI_TWO_ISSUE,RESUME_CRTI_TWO_DAY,RESUME_CRTI_THREE_NAME,RESUME_CRTI_THREE_ISSUE,RESUME_CRTI_THREE_DAY,RESUME_SELF_ONE_TITLE,RESUME_SELF_ONE_CONTENT,RESUME_SELF_TWO_TITLE,RESUME_SELF_TWO_CONTENT) values (33,61,'안녕하세요 노력하는 사람입니다.','/resources/image/user6.png',null,null,null,null,null,'대학~대학원 이상 졸업','서울디지텍고등학교','2013-02-01','졸업',null,null,null,null,null,null,null,null,null,'성격의 장단점','저의 성격은 활발하며 매사 적극적입니다.',null,null);
Insert into KH.USER_RESUME_DETAIL (RESUME_NO_SEQ,MEMBER_NO_SEQ,RESUME_TITLE,RESUME_PHOTO,RESUME_MILITARY_CHK,RESUME_MILITARY_GROUP,RESUME_MILITARY_LASTCLASS,RESUME_MILITARY_STARTDAY,RESUME_MILITARY_ENDDAY,RESUME_FINAL_EDU,RESUME_SCHOOLNAME,RESUME_GRADUATED_YEAR,RESUME_GRADUATED_STATE,RESUME_CRTI_ONE_NAME,RESUME_CRTI_ONE_ISSUE,RESUME_CRTI_ONE_DAY,RESUME_CRTI_TWO_NAME,RESUME_CRTI_TWO_ISSUE,RESUME_CRTI_TWO_DAY,RESUME_CRTI_THREE_NAME,RESUME_CRTI_THREE_ISSUE,RESUME_CRTI_THREE_DAY,RESUME_SELF_ONE_TITLE,RESUME_SELF_ONE_CONTENT,RESUME_SELF_TWO_TITLE,RESUME_SELF_TWO_CONTENT) values (43,128,'이재웅 이력서입니다','/resources/image/M_Photo_View.png','Y','공군','병장','2012-10-03','2014-10-13',null,null,null,'졸업',null,null,null,null,null,null,null,null,null,'자기소개서','저를 움직이게 하는 것은 목표를 향해 달려나가게 하는 ''실행력'' 입니다. 
군생활 시절 굴삭기 운전기능사 자격증 취득 목표를 세우고, 두 번의 불합격 끝에 세 번째 시험에서 합격한 경험이 있습니다. 군 생활 시절 시설관리병으로 근무하면서 여러 건설현장을 다녔고, 현장에서 중요한 역할을 하는 굴삭기의 효용을 느껴 자격증에 도전했습니다. 자격증을 취득한 주변의 동료들을 보면서 3개월 안에 합격하는 것을 최종 목표로 정하고 준비했습니다. 필기시험은 이론 학습을 통해 첫 시험에서 무난히 통과할 수 있었습니다. 이를 기세로 실기시험에도 곧장 응시했지만, 연습 때와는 다른 환경, 레버 조작 미숙으로 낙방하였습니다. 두 번째 응시한 시험에서도 예상치 못한 실수로 인해 3점 차이로 낙방하였습니다. 두 번의 낙방 후, 실기시험의 높은 벽에 포기할까도 고민도 했습니다. 하지만 처음 목표를 세웠을 때의 마음가짐을 되새겼고, 철저한 준비로 이 벽을 넘어보자고 마음먹었습니다. 이를 극복하기 위해 먼저 스스로 불합격한 원인을 고민했습니다. 고민한 결과, 그 중심에는 "주변 동료들이 쉽게 취득하니까"라는 안일한 생각이 있었습니다. 또한, 안일한 생각으로부터 기인한 연습 부족이 자리 잡고 있었습니다.','최근 관심가진 주제','자율주행 차량, 의료분야 인공지능, 음성 비서 등 최근 인공지능에 관한 연구와 발전이 가속화되며 4차 산업혁명을 주도하는 것은 인공지능(AI)기술이 될 것이라는 전망이 나오고 있습니다. 이에 세계 수많은 기업이 세계 시장에서 선점을 노리기 위해 AI가 탑재된 제품들을 연구, 개발 중이기도 합니다. 최근에는 미국 전기자동차기업 테슬라의 자율주행 차량이 자율주행 중 교통사고로 운전자가 사망하게 되는 사건으로 AI의 한계에 대한 여론이 뜨겁습니다. 아쉬운점 1
먼저 자율주행 기술은 사람의 불편함과 피로를 줄여줄 수 있는 편리한 기술이지만 동시에 생명과도 직결되기 때문에 궁극적인 안전기술입니다. 그래서 한 치의 오차도 허용될 수 없으며 기반을 두는 안전기능들이 먼저 자리 잡고 있어야 한다고 생각합니다. 한 단계 더 나아가 앞서 말한 기능들이 자리 잡기 위해서는 기존 제품들이 오랫동안 축적한 오류와 안전 데이터들이 필요합니다. 의료분야에서의 AI 또한 이슈인데, 얼마 전 국내 폐암 판정을 받은 환자가 의료용 슈퍼컴퓨터 ''왓슨''을 통해 암 치료를 받고 있다는 기사를 본 적이 있습니다. 이 컴퓨터에 환자의 신체정보와 가족병력 질환 등을 입력하면 인류와 과거부터 쌓아온 의료정보 빅데이터를 이용해 최적의 맞춤치료법을 찾을 수 있으며 이 환자는 항암치료의 부작용인 탈모를 피할 수 있는 치료법을 찾아 치료를 받고 있다고 합니다.');
Insert into KH.USER_RESUME_DETAIL (RESUME_NO_SEQ,MEMBER_NO_SEQ,RESUME_TITLE,RESUME_PHOTO,RESUME_MILITARY_CHK,RESUME_MILITARY_GROUP,RESUME_MILITARY_LASTCLASS,RESUME_MILITARY_STARTDAY,RESUME_MILITARY_ENDDAY,RESUME_FINAL_EDU,RESUME_SCHOOLNAME,RESUME_GRADUATED_YEAR,RESUME_GRADUATED_STATE,RESUME_CRTI_ONE_NAME,RESUME_CRTI_ONE_ISSUE,RESUME_CRTI_ONE_DAY,RESUME_CRTI_TWO_NAME,RESUME_CRTI_TWO_ISSUE,RESUME_CRTI_TWO_DAY,RESUME_CRTI_THREE_NAME,RESUME_CRTI_THREE_ISSUE,RESUME_CRTI_THREE_DAY,RESUME_SELF_ONE_TITLE,RESUME_SELF_ONE_CONTENT,RESUME_SELF_TWO_TITLE,RESUME_SELF_TWO_CONTENT) values (47,64,'성실하게 일하겠습니다','/resources/image/user12.png',null,null,null,null,null,null,null,null,null,'정보처리기사','정보처리기사','2019-10-08',null,null,null,null,null,null,null,null,null,null);
Insert into KH.USER_RESUME_DETAIL (RESUME_NO_SEQ,MEMBER_NO_SEQ,RESUME_TITLE,RESUME_PHOTO,RESUME_MILITARY_CHK,RESUME_MILITARY_GROUP,RESUME_MILITARY_LASTCLASS,RESUME_MILITARY_STARTDAY,RESUME_MILITARY_ENDDAY,RESUME_FINAL_EDU,RESUME_SCHOOLNAME,RESUME_GRADUATED_YEAR,RESUME_GRADUATED_STATE,RESUME_CRTI_ONE_NAME,RESUME_CRTI_ONE_ISSUE,RESUME_CRTI_ONE_DAY,RESUME_CRTI_TWO_NAME,RESUME_CRTI_TWO_ISSUE,RESUME_CRTI_TWO_DAY,RESUME_CRTI_THREE_NAME,RESUME_CRTI_THREE_ISSUE,RESUME_CRTI_THREE_DAY,RESUME_SELF_ONE_TITLE,RESUME_SELF_ONE_CONTENT,RESUME_SELF_TWO_TITLE,RESUME_SELF_TWO_CONTENT) values (4,54,'이재웅 111','/resources/image/Desert.jpg','Y','공군','병장','2012-04-30','2014-04-29','고등학교 졸업','능곡고등학교','2011-02-03','졸업','정보처리기사','정보처리','2015-01-01',null,null,null,null,null,null,'성격의 장단점','저는 성격이 괴팍하고 악랄합니다','자기소개서','안녕하세요 저는 kh정보교육원 국비과정을 배우고있는 수강생입니다');
Insert into KH.USER_RESUME_DETAIL (RESUME_NO_SEQ,MEMBER_NO_SEQ,RESUME_TITLE,RESUME_PHOTO,RESUME_MILITARY_CHK,RESUME_MILITARY_GROUP,RESUME_MILITARY_LASTCLASS,RESUME_MILITARY_STARTDAY,RESUME_MILITARY_ENDDAY,RESUME_FINAL_EDU,RESUME_SCHOOLNAME,RESUME_GRADUATED_YEAR,RESUME_GRADUATED_STATE,RESUME_CRTI_ONE_NAME,RESUME_CRTI_ONE_ISSUE,RESUME_CRTI_ONE_DAY,RESUME_CRTI_TWO_NAME,RESUME_CRTI_TWO_ISSUE,RESUME_CRTI_TWO_DAY,RESUME_CRTI_THREE_NAME,RESUME_CRTI_THREE_ISSUE,RESUME_CRTI_THREE_DAY,RESUME_SELF_ONE_TITLE,RESUME_SELF_ONE_CONTENT,RESUME_SELF_TWO_TITLE,RESUME_SELF_TWO_CONTENT) values (1,54,'이재웅 이력서','/resources/image/M_Photo_View.png','Y','육군','병장','2019-10-16','2019-10-23','고등학교 졸업','고등학교 졸업','2011-02-01','졸업',null,null,null,null,null,null,null,null,null,'성격의 장단점','장점 : 착하다','자기소개서','안녕하세요');
--------------------------------------------------------
--  Constraints for Table USER_RESUME_DETAIL
--------------------------------------------------------

  ALTER TABLE "KH"."USER_RESUME_DETAIL" ADD CONSTRAINT "MILITARY_CHK" CHECK (RESUME_MILITARY_CHK IN ('Y','N')) ENABLE;
--------------------------------------------------------
--  Ref Constraints for Table USER_RESUME_DETAIL
--------------------------------------------------------

  ALTER TABLE "KH"."USER_RESUME_DETAIL" ADD FOREIGN KEY ("RESUME_NO_SEQ")
	  REFERENCES "KH"."USER_RESUME" ("RESUME_NO_SEQ") ENABLE;
  ALTER TABLE "KH"."USER_RESUME_DETAIL" ADD FOREIGN KEY ("MEMBER_NO_SEQ")
	  REFERENCES "KH"."USER_MEMBER" ("MEMBER_NO_SEQ") ENABLE;

	  
	  
--- 이력서 경력 테이블 ----	  
--------------------------------------------------------
--  파일이 생성됨 - 목요일-10월-24-2019   
--------------------------------------------------------
--------------------------------------------------------
--  DDL for Table USER_RESUME_CAREER
--------------------------------------------------------

  CREATE TABLE "KH"."USER_RESUME_CAREER" 
   (	"CAREER_NO_SEQ" NUMBER, 
	"RESUME_NO_SEQ" NUMBER, 
	"MEMBER_NO_SEQ" NUMBER, 
	"CAREER_ENT" VARCHAR2(300 BYTE), 
	"CAREER_DEPT" VARCHAR2(200 BYTE), 
	"CAREER_STARTDAY" VARCHAR2(100 BYTE), 
	"CAREER_ENDDAY" VARCHAR2(100 BYTE), 
	"CAREER_IN_OFFICE" VARCHAR2(10 BYTE), 
	"CAREER_POSITION" VARCHAR2(300 BYTE), 
	"CAREER_DUTY" VARCHAR2(300 BYTE), 
	"CAREER_SALARY" VARCHAR2(100 BYTE)
   ) SEGMENT CREATION IMMEDIATE 
  PCTFREE 10 PCTUSED 40 INITRANS 1 MAXTRANS 255 NOCOMPRESS LOGGING
  STORAGE(INITIAL 65536 NEXT 1048576 MINEXTENTS 1 MAXEXTENTS 2147483645
  PCTINCREASE 0 FREELISTS 1 FREELIST GROUPS 1 BUFFER_POOL DEFAULT FLASH_CACHE DEFAULT CELL_FLASH_CACHE DEFAULT)
  TABLESPACE "USERS" ;
  
CREATE SEQUENCE CAREERSEQ
START WITH 100 
INCREMENT BY 1;


REM INSERTING into KH.USER_RESUME_CAREER
SET DEFINE OFF;
Insert into KH.USER_RESUME_CAREER (CAREER_NO_SEQ,RESUME_NO_SEQ,MEMBER_NO_SEQ,CAREER_ENT,CAREER_DEPT,CAREER_STARTDAY,CAREER_ENDDAY,CAREER_IN_OFFICE,CAREER_POSITION,CAREER_DUTY,CAREER_SALARY) values (21,21,37,null,null,null,null,'Y',null,null,null);
Insert into KH.USER_RESUME_CAREER (CAREER_NO_SEQ,RESUME_NO_SEQ,MEMBER_NO_SEQ,CAREER_ENT,CAREER_DEPT,CAREER_STARTDAY,CAREER_ENDDAY,CAREER_IN_OFFICE,CAREER_POSITION,CAREER_DUTY,CAREER_SALARY) values (22,25,58,null,null,null,null,'Y',null,null,null);
Insert into KH.USER_RESUME_CAREER (CAREER_NO_SEQ,RESUME_NO_SEQ,MEMBER_NO_SEQ,CAREER_ENT,CAREER_DEPT,CAREER_STARTDAY,CAREER_ENDDAY,CAREER_IN_OFFICE,CAREER_POSITION,CAREER_DUTY,CAREER_SALARY) values (23,29,59,null,null,null,null,'Y',null,null,null);
Insert into KH.USER_RESUME_CAREER (CAREER_NO_SEQ,RESUME_NO_SEQ,MEMBER_NO_SEQ,CAREER_ENT,CAREER_DEPT,CAREER_STARTDAY,CAREER_ENDDAY,CAREER_IN_OFFICE,CAREER_POSITION,CAREER_DUTY,CAREER_SALARY) values (24,33,61,null,null,null,null,'Y',null,null,null);
Insert into KH.USER_RESUME_CAREER (CAREER_NO_SEQ,RESUME_NO_SEQ,MEMBER_NO_SEQ,CAREER_ENT,CAREER_DEPT,CAREER_STARTDAY,CAREER_ENDDAY,CAREER_IN_OFFICE,CAREER_POSITION,CAREER_DUTY,CAREER_SALARY) values (41,43,128,null,null,null,null,'Y',null,null,null);
Insert into KH.USER_RESUME_CAREER (CAREER_NO_SEQ,RESUME_NO_SEQ,MEMBER_NO_SEQ,CAREER_ENT,CAREER_DEPT,CAREER_STARTDAY,CAREER_ENDDAY,CAREER_IN_OFFICE,CAREER_POSITION,CAREER_DUTY,CAREER_SALARY) values (42,47,64,null,null,null,null,null,null,null,null);
Insert into KH.USER_RESUME_CAREER (CAREER_NO_SEQ,RESUME_NO_SEQ,MEMBER_NO_SEQ,CAREER_ENT,CAREER_DEPT,CAREER_STARTDAY,CAREER_ENDDAY,CAREER_IN_OFFICE,CAREER_POSITION,CAREER_DUTY,CAREER_SALARY) values (2,4,54,null,null,null,null,'Y',null,null,null);
Insert into KH.USER_RESUME_CAREER (CAREER_NO_SEQ,RESUME_NO_SEQ,MEMBER_NO_SEQ,CAREER_ENT,CAREER_DEPT,CAREER_STARTDAY,CAREER_ENDDAY,CAREER_IN_OFFICE,CAREER_POSITION,CAREER_DUTY,CAREER_SALARY) values (1,1,54,null,null,null,null,'Y',null,null,null);
--------------------------------------------------------
--  DDL for Index SYS_C008248
--------------------------------------------------------

  CREATE UNIQUE INDEX "KH"."SYS_C008248" ON "KH"."USER_RESUME_CAREER" ("CAREER_NO_SEQ") 
  PCTFREE 10 INITRANS 2 MAXTRANS 255 
  STORAGE(INITIAL 65536 NEXT 1048576 MINEXTENTS 1 MAXEXTENTS 2147483645
  PCTINCREASE 0 FREELISTS 1 FREELIST GROUPS 1 BUFFER_POOL DEFAULT FLASH_CACHE DEFAULT CELL_FLASH_CACHE DEFAULT)
  TABLESPACE "USERS" ;
--------------------------------------------------------
--  Constraints for Table USER_RESUME_CAREER
--------------------------------------------------------

  ALTER TABLE "KH"."USER_RESUME_CAREER" ADD PRIMARY KEY ("CAREER_NO_SEQ")
  USING INDEX PCTFREE 10 INITRANS 2 MAXTRANS 255 
  STORAGE(INITIAL 65536 NEXT 1048576 MINEXTENTS 1 MAXEXTENTS 2147483645
  PCTINCREASE 0 FREELISTS 1 FREELIST GROUPS 1 BUFFER_POOL DEFAULT FLASH_CACHE DEFAULT CELL_FLASH_CACHE DEFAULT)
  TABLESPACE "USERS"  ENABLE;
  ALTER TABLE "KH"."USER_RESUME_CAREER" ADD CONSTRAINT "CAREER_IN_OFFICE_CHK" CHECK (CAREER_IN_OFFICE IN ('Y','N')) ENABLE;
--------------------------------------------------------
--  Ref Constraints for Table USER_RESUME_CAREER
--------------------------------------------------------

  ALTER TABLE "KH"."USER_RESUME_CAREER" ADD FOREIGN KEY ("RESUME_NO_SEQ")
	  REFERENCES "KH"."USER_RESUME" ("RESUME_NO_SEQ") ENABLE;
  ALTER TABLE "KH"."USER_RESUME_CAREER" ADD FOREIGN KEY ("MEMBER_NO_SEQ")
	  REFERENCES "KH"."USER_MEMBER" ("MEMBER_NO_SEQ") ENABLE;

----이력서 희망정보 테이블-----------

--------------------------------------------------------
--  파일이 생성됨 - 금요일-10월-25-2019   
--------------------------------------------------------
--------------------------------------------------------
--  DDL for Table USER_RESUME_HOPE
--------------------------------------------------------

  CREATE TABLE "KH"."USER_RESUME_HOPE" 
   (	"RESUME_NO_SEQ" NUMBER, 
	"MEMBER_NO_SEQ" NUMBER, 
	"HOPE_EMPLOYFORM" VARCHAR2(100 BYTE), 
	"HOPE_SALARY" VARCHAR2(100 BYTE), 
	"HOPE_AFTERINTERVIEW" VARCHAR2(10 BYTE), 
	"HOPE_ADDR_ONE" VARCHAR2(100 BYTE), 
	"HOPE_ADDR_TWO" VARCHAR2(100 BYTE), 
	"HOPE_ADDR_THREE" VARCHAR2(100 BYTE), 
	"HOPE_DUTY_KEYWORD_ONE" VARCHAR2(300 BYTE), 
	"HOPE_DUTY_KEYWORD_TWO" VARCHAR2(300 BYTE), 
	"HOPE_DUTY_KEYWORD_THREE" VARCHAR2(300 BYTE), 
	"HOPE_DUTY_KEYWORD_FOUR" VARCHAR2(300 BYTE), 
	"HOPE_DUTY_KEYWORD_FIVE" VARCHAR2(300 BYTE)
   ) SEGMENT CREATION IMMEDIATE 
  PCTFREE 10 PCTUSED 40 INITRANS 1 MAXTRANS 255 NOCOMPRESS LOGGING
  STORAGE(INITIAL 65536 NEXT 1048576 MINEXTENTS 1 MAXEXTENTS 2147483645
  PCTINCREASE 0 FREELISTS 1 FREELIST GROUPS 1 BUFFER_POOL DEFAULT FLASH_CACHE DEFAULT CELL_FLASH_CACHE DEFAULT)
  TABLESPACE "USERS" ;
REM INSERTING into KH.USER_RESUME_HOPE
SET DEFINE OFF;
Insert into KH.USER_RESUME_HOPE (RESUME_NO_SEQ,MEMBER_NO_SEQ,HOPE_EMPLOYFORM,HOPE_SALARY,HOPE_AFTERINTERVIEW,HOPE_ADDR_ONE,HOPE_ADDR_TWO,HOPE_ADDR_THREE,HOPE_DUTY_KEYWORD_ONE,HOPE_DUTY_KEYWORD_TWO,HOPE_DUTY_KEYWORD_THREE,HOPE_DUTY_KEYWORD_FOUR,HOPE_DUTY_KEYWORD_FIVE) values (21,37,null,'3000','N',null,null,null,null,null,null,null,null);
Insert into KH.USER_RESUME_HOPE (RESUME_NO_SEQ,MEMBER_NO_SEQ,HOPE_EMPLOYFORM,HOPE_SALARY,HOPE_AFTERINTERVIEW,HOPE_ADDR_ONE,HOPE_ADDR_TWO,HOPE_ADDR_THREE,HOPE_DUTY_KEYWORD_ONE,HOPE_DUTY_KEYWORD_TWO,HOPE_DUTY_KEYWORD_THREE,HOPE_DUTY_KEYWORD_FOUR,HOPE_DUTY_KEYWORD_FIVE) values (25,58,null,'3100','N',null,null,null,null,null,null,null,null);
Insert into KH.USER_RESUME_HOPE (RESUME_NO_SEQ,MEMBER_NO_SEQ,HOPE_EMPLOYFORM,HOPE_SALARY,HOPE_AFTERINTERVIEW,HOPE_ADDR_ONE,HOPE_ADDR_TWO,HOPE_ADDR_THREE,HOPE_DUTY_KEYWORD_ONE,HOPE_DUTY_KEYWORD_TWO,HOPE_DUTY_KEYWORD_THREE,HOPE_DUTY_KEYWORD_FOUR,HOPE_DUTY_KEYWORD_FIVE) values (29,59,null,null,'Y',null,null,null,null,null,null,null,null);
Insert into KH.USER_RESUME_HOPE (RESUME_NO_SEQ,MEMBER_NO_SEQ,HOPE_EMPLOYFORM,HOPE_SALARY,HOPE_AFTERINTERVIEW,HOPE_ADDR_ONE,HOPE_ADDR_TWO,HOPE_ADDR_THREE,HOPE_DUTY_KEYWORD_ONE,HOPE_DUTY_KEYWORD_TWO,HOPE_DUTY_KEYWORD_THREE,HOPE_DUTY_KEYWORD_FOUR,HOPE_DUTY_KEYWORD_FIVE) values (33,61,null,null,'Y',null,null,null,null,null,null,null,null);
Insert into KH.USER_RESUME_HOPE (RESUME_NO_SEQ,MEMBER_NO_SEQ,HOPE_EMPLOYFORM,HOPE_SALARY,HOPE_AFTERINTERVIEW,HOPE_ADDR_ONE,HOPE_ADDR_TWO,HOPE_ADDR_THREE,HOPE_DUTY_KEYWORD_ONE,HOPE_DUTY_KEYWORD_TWO,HOPE_DUTY_KEYWORD_THREE,HOPE_DUTY_KEYWORD_FOUR,HOPE_DUTY_KEYWORD_FIVE) values (43,128,'정규직','4000','N',null,null,null,null,null,null,null,null);
Insert into KH.USER_RESUME_HOPE (RESUME_NO_SEQ,MEMBER_NO_SEQ,HOPE_EMPLOYFORM,HOPE_SALARY,HOPE_AFTERINTERVIEW,HOPE_ADDR_ONE,HOPE_ADDR_TWO,HOPE_ADDR_THREE,HOPE_DUTY_KEYWORD_ONE,HOPE_DUTY_KEYWORD_TWO,HOPE_DUTY_KEYWORD_THREE,HOPE_DUTY_KEYWORD_FOUR,HOPE_DUTY_KEYWORD_FIVE) values (47,64,null,'3000','N',null,null,null,null,null,null,null,null);
--------------------------------------------------------
--  Constraints for Table USER_RESUME_HOPE
--------------------------------------------------------

  ALTER TABLE "KH"."USER_RESUME_HOPE" ADD CONSTRAINT "HOPE_AFTERINTERVIEW_CHK" CHECK (HOPE_AFTERINTERVIEW IN ('Y','N')) ENABLE;
--------------------------------------------------------
--  Ref Constraints for Table USER_RESUME_HOPE
--------------------------------------------------------

  ALTER TABLE "KH"."USER_RESUME_HOPE" ADD FOREIGN KEY ("RESUME_NO_SEQ")
	  REFERENCES "KH"."USER_RESUME" ("RESUME_NO_SEQ") ENABLE;
  ALTER TABLE "KH"."USER_RESUME_HOPE" ADD FOREIGN KEY ("MEMBER_NO_SEQ")
	  REFERENCES "KH"."USER_MEMBER" ("MEMBER_NO_SEQ") ENABLE;

	  
----채용공고 등록 테이블-----------

--------------------------------------------------------
--  파일이 생성됨 - 목요일-10월-24-2019   
--------------------------------------------------------
--------------------------------------------------------
--  DDL for Table BUIS_HIRE_ENROLL
--------------------------------------------------------

  CREATE TABLE "KH"."BUIS_HIRE_ENROLL" 
   (	"HIRE_NO_SEQ" NUMBER, 
	"MEMBER_NO_SEQ" NUMBER, 
	"HIRE_RECRUIT_NAME" VARCHAR2(100 BYTE), 
	"HIRE_COMPANY_TITLE" VARCHAR2(100 BYTE), 
	"HIRE_CAREER" VARCHAR2(500 BYTE), 
	"HIRE_TASK" VARCHAR2(500 BYTE), 
	"HIRE_DEPART" VARCHAR2(500 BYTE), 
	"HIRE_POSITION" VARCHAR2(500 BYTE), 
	"HIRE_PREFER" VARCHAR2(100 BYTE), 
	"HIRE_PREFER_CONTENT" VARCHAR2(1000 BYTE), 
	"HIRE_EDU" VARCHAR2(500 BYTE), 
	"HIRE_GENDER" VARCHAR2(200 BYTE), 
	"HIRE_SALARY" VARCHAR2(500 BYTE), 
	"HIRE_AGE" VARCHAR2(100 BYTE), 
	"HIRE_SECTOR" VARCHAR2(500 BYTE), 
	"HIRE_ADDR" VARCHAR2(500 BYTE), 
	"HIRE_LATITUDE" VARCHAR2(500 BYTE), 
	"HIRE_LONGITUDE" VARCHAR2(500 BYTE), 
	"HIRE_WORKDAY" VARCHAR2(100 BYTE), 
	"HIRE_WORKTIME" VARCHAR2(100 BYTE), 
	"HIRE_STARTDAY" VARCHAR2(100 BYTE), 
	"HIRE_ENDDAY" VARCHAR2(100 BYTE), 
	"HIRE_MODE" VARCHAR2(100 BYTE), 
	"HIRE_MANAGER_NAME" VARCHAR2(100 BYTE), 
	"HIRE_MANAGER_TEL" VARCHAR2(100 BYTE), 
	"HIRE_MANAGER_EMAIL" VARCHAR2(100 BYTE), 
	"HIRE_ENT_TEL" VARCHAR2(100 BYTE)
   ) SEGMENT CREATION IMMEDIATE 
  PCTFREE 10 PCTUSED 40 INITRANS 1 MAXTRANS 255 NOCOMPRESS LOGGING
  STORAGE(INITIAL 65536 NEXT 1048576 MINEXTENTS 1 MAXEXTENTS 2147483645
  PCTINCREASE 0 FREELISTS 1 FREELIST GROUPS 1 BUFFER_POOL DEFAULT FLASH_CACHE DEFAULT CELL_FLASH_CACHE DEFAULT)
  TABLESPACE "USERS" ;
  
CREATE SEQUENCE HIRESEQ
START WITH 50
INCREMENT 1;  
  
REM INSERTING into KH.BUIS_HIRE_ENROLL
SET DEFINE OFF;
Insert into KH.BUIS_HIRE_ENROLL (HIRE_NO_SEQ,MEMBER_NO_SEQ,HIRE_RECRUIT_NAME,HIRE_COMPANY_TITLE,HIRE_CAREER,HIRE_TASK,HIRE_DEPART,HIRE_POSITION,HIRE_PREFER,HIRE_PREFER_CONTENT,HIRE_EDU,HIRE_GENDER,HIRE_SALARY,HIRE_AGE,HIRE_SECTOR,HIRE_ADDR,HIRE_LATITUDE,HIRE_LONGITUDE,HIRE_WORKDAY,HIRE_WORKTIME,HIRE_STARTDAY,HIRE_ENDDAY,HIRE_MODE,HIRE_MANAGER_NAME,HIRE_MANAGER_TEL,HIRE_MANAGER_EMAIL,HIRE_ENT_TEL) values (23,5,'(주) 오리온 생산직 모집합니다','(주)우아한형제들','신입','생산','생산직','정규직',null,null,'대졸,','남자',',회사내규에 따라 다름,','20~30세','생산관리·공정관리·품질관리','13448,경기 성남시 수정구 분당내곡로 301,분당로',null,null,'주6일(월~토)','오전9시~오후6시','19/10/24','2019-11-05','jobARA양식','오리온','010-5556-3131','buis4@naver.com','010-1234-3434');
Insert into KH.BUIS_HIRE_ENROLL (HIRE_NO_SEQ,MEMBER_NO_SEQ,HIRE_RECRUIT_NAME,HIRE_COMPANY_TITLE,HIRE_CAREER,HIRE_TASK,HIRE_DEPART,HIRE_POSITION,HIRE_PREFER,HIRE_PREFER_CONTENT,HIRE_EDU,HIRE_GENDER,HIRE_SALARY,HIRE_AGE,HIRE_SECTOR,HIRE_ADDR,HIRE_LATITUDE,HIRE_LONGITUDE,HIRE_WORKDAY,HIRE_WORKTIME,HIRE_STARTDAY,HIRE_ENDDAY,HIRE_MODE,HIRE_MANAGER_NAME,HIRE_MANAGER_TEL,HIRE_MANAGER_EMAIL,HIRE_ENT_TEL) values (24,6,'CURO 신입 개발자 모십니다','㈜오리온','신입','웹 프론트앤드 개발','개발팀','정규직',null,'-정보처리기사 우대
-국비 교육 3개월 이상 우대
-DBMS자격증 우대','고졸,','무관','3000,','20~30세','IT·디자인·컴퓨터강사','13633,경기 성남시 분당구 금곡로 39 (구미동, 화이트빌),화이트빌',null,null,'주5일(월~금)','오전9시~오후6시','19/10/24','2019-12-01','jobARA양식','이경재','010-3334-1016','buis6@naver.com','02-5554-2131');
Insert into KH.BUIS_HIRE_ENROLL (HIRE_NO_SEQ,MEMBER_NO_SEQ,HIRE_RECRUIT_NAME,HIRE_COMPANY_TITLE,HIRE_CAREER,HIRE_TASK,HIRE_DEPART,HIRE_POSITION,HIRE_PREFER,HIRE_PREFER_CONTENT,HIRE_EDU,HIRE_GENDER,HIRE_SALARY,HIRE_AGE,HIRE_SECTOR,HIRE_ADDR,HIRE_LATITUDE,HIRE_LONGITUDE,HIRE_WORKDAY,HIRE_WORKTIME,HIRE_STARTDAY,HIRE_ENDDAY,HIRE_MODE,HIRE_MANAGER_NAME,HIRE_MANAGER_TEL,HIRE_MANAGER_EMAIL,HIRE_ENT_TEL) values (1,1,'농수산식품유통공사 신입사원채용','한국농수산식품유통공사','신입','경리','IT','정규직',null,null,'대졸,','무관',',회사내규에 따라 다름,','20~30세','경리','06000,서울 강남구 강남대로 708,역삼역',null,null,'주5일(월~금)','오전9시~오후6시','19/10/21','2019-11-04','jobARA양식','담당자','010-1234-5678','buis1@naver.com','010-6666-4564');
Insert into KH.BUIS_HIRE_ENROLL (HIRE_NO_SEQ,MEMBER_NO_SEQ,HIRE_RECRUIT_NAME,HIRE_COMPANY_TITLE,HIRE_CAREER,HIRE_TASK,HIRE_DEPART,HIRE_POSITION,HIRE_PREFER,HIRE_PREFER_CONTENT,HIRE_EDU,HIRE_GENDER,HIRE_SALARY,HIRE_AGE,HIRE_SECTOR,HIRE_ADDR,HIRE_LATITUDE,HIRE_LONGITUDE,HIRE_WORKDAY,HIRE_WORKTIME,HIRE_STARTDAY,HIRE_ENDDAY,HIRE_MODE,HIRE_MANAGER_NAME,HIRE_MANAGER_TEL,HIRE_MANAGER_EMAIL,HIRE_ENT_TEL) values (21,3,'(주)기아자동차 신입사원 채용합니다','(주)이머니','신입','경리','회계','정규직',null,'-성실한사람우대','대졸,','무관',',회사내규에 따라 다름,','20~30세','경리·회계·결산','06000,서울 강남구 강남대로 708,강남은행',null,null,'주5일(월~금)','오전9시~오후6시','19/10/24','2019-11-20','jobARA양식','담당자','010-6464-7872','buis2@naver.com','02-1010-9494');
Insert into KH.BUIS_HIRE_ENROLL (HIRE_NO_SEQ,MEMBER_NO_SEQ,HIRE_RECRUIT_NAME,HIRE_COMPANY_TITLE,HIRE_CAREER,HIRE_TASK,HIRE_DEPART,HIRE_POSITION,HIRE_PREFER,HIRE_PREFER_CONTENT,HIRE_EDU,HIRE_GENDER,HIRE_SALARY,HIRE_AGE,HIRE_SECTOR,HIRE_ADDR,HIRE_LATITUDE,HIRE_LONGITUDE,HIRE_WORKDAY,HIRE_WORKTIME,HIRE_STARTDAY,HIRE_ENDDAY,HIRE_MODE,HIRE_MANAGER_NAME,HIRE_MANAGER_TEL,HIRE_MANAGER_EMAIL,HIRE_ENT_TEL) values (22,4,'우아한형제들 같이 일할 개발자 구합니다.','(주)기아자동차','신입','백엔드 개발자','IT','정규직',null,'-정보처리기사 자격증 우대','대졸,','남자',',회사내규에 따라 다름,','20~30세','IT·디자인·컴퓨터강사','13529,경기 성남시 분당구 분당내곡로 117,크래프톤타워',null,null,'주5일(월~금)','오전9시~오후6시','19/10/24','2019-11-19','jobARA양식',null,'010-6697-1315','buis3@naver.com','02-5464-2131');
--------------------------------------------------------
--  DDL for Index SYS_C008255
--------------------------------------------------------

  CREATE UNIQUE INDEX "KH"."SYS_C008255" ON "KH"."BUIS_HIRE_ENROLL" ("HIRE_NO_SEQ") 
  PCTFREE 10 INITRANS 2 MAXTRANS 255 
  STORAGE(INITIAL 65536 NEXT 1048576 MINEXTENTS 1 MAXEXTENTS 2147483645
  PCTINCREASE 0 FREELISTS 1 FREELIST GROUPS 1 BUFFER_POOL DEFAULT FLASH_CACHE DEFAULT CELL_FLASH_CACHE DEFAULT)
  TABLESPACE "USERS" ;
--------------------------------------------------------
--  Constraints for Table BUIS_HIRE_ENROLL
--------------------------------------------------------

  ALTER TABLE "KH"."BUIS_HIRE_ENROLL" ADD PRIMARY KEY ("HIRE_NO_SEQ")
  USING INDEX PCTFREE 10 INITRANS 2 MAXTRANS 255 
  STORAGE(INITIAL 65536 NEXT 1048576 MINEXTENTS 1 MAXEXTENTS 2147483645
  PCTINCREASE 0 FREELISTS 1 FREELIST GROUPS 1 BUFFER_POOL DEFAULT FLASH_CACHE DEFAULT CELL_FLASH_CACHE DEFAULT)
  TABLESPACE "USERS"  ENABLE;
  ALTER TABLE "KH"."BUIS_HIRE_ENROLL" ADD CONSTRAINT "HIRE_GENDER_CK" CHECK (HIRE_GENDER IN('남자','여자','무관')) ENABLE;
  ALTER TABLE "KH"."BUIS_HIRE_ENROLL" ADD CONSTRAINT "HIRE_PREFER_CK" CHECK (HIRE_PREFER IN('Y','N')) ENABLE;
  ALTER TABLE "KH"."BUIS_HIRE_ENROLL" ADD CONSTRAINT "HIRE_CAREER_CK" CHECK (HIRE_CAREER IN('신입','경력','무관')) ENABLE;
  ALTER TABLE "KH"."BUIS_HIRE_ENROLL" MODIFY ("HIRE_AGE" NOT NULL ENABLE);
--------------------------------------------------------
--  Ref Constraints for Table BUIS_HIRE_ENROLL
--------------------------------------------------------

  ALTER TABLE "KH"."BUIS_HIRE_ENROLL" ADD FOREIGN KEY ("MEMBER_NO_SEQ")
	  REFERENCES "KH"."USER_MEMBER" ("MEMBER_NO_SEQ") ENABLE;
	  
	  
-----고객센터 -----
--------------------------------------------------------
--  파일이 생성됨 - 금요일-10월-25-2019   
--------------------------------------------------------
--------------------------------------------------------
--  DDL for Table CUSTOMER_SERVICE
--------------------------------------------------------

  CREATE TABLE "KH"."CUSTOMER_SERVICE" 
   (	"CUSTOMER_NO_SEQ" NUMBER, 
	"MEMBER_NO_SEQ" NUMBER, 
	"CUSTOMER_TITLE" VARCHAR2(500 BYTE), 
	"CUSTOMER_CONTENT" VARCHAR2(2000 BYTE), 
	"CUSTOMER_REGDATE" DATE, 
	"CUSTOMER_EMAIL" VARCHAR2(100 BYTE)
   ) SEGMENT CREATION IMMEDIATE 
  PCTFREE 10 PCTUSED 40 INITRANS 1 MAXTRANS 255 NOCOMPRESS LOGGING
  STORAGE(INITIAL 65536 NEXT 1048576 MINEXTENTS 1 MAXEXTENTS 2147483645
  PCTINCREASE 0 FREELISTS 1 FREELIST GROUPS 1 BUFFER_POOL DEFAULT FLASH_CACHE DEFAULT CELL_FLASH_CACHE DEFAULT)
  TABLESPACE "USERS" ;
  
  CREATE SEQUENCE CUSTOMERSEQ
  START WITH 100
  INCREMENT 1;
  
  
REM INSERTING into KH.CUSTOMER_SERVICE
SET DEFINE OFF;
Insert into KH.CUSTOMER_SERVICE (CUSTOMER_NO_SEQ,MEMBER_NO_SEQ,CUSTOMER_TITLE,CUSTOMER_CONTENT,CUSTOMER_REGDATE,CUSTOMER_EMAIL) values (22,37,'위치별로 배송','<p>1123</p>',to_date('19/10/23','RR/MM/DD'),'user1@naver.com');
--------------------------------------------------------
--  DDL for Index SYS_C008261
--------------------------------------------------------

  CREATE UNIQUE INDEX "KH"."SYS_C008261" ON "KH"."CUSTOMER_SERVICE" ("CUSTOMER_NO_SEQ") 
  PCTFREE 10 INITRANS 2 MAXTRANS 255 
  STORAGE(INITIAL 65536 NEXT 1048576 MINEXTENTS 1 MAXEXTENTS 2147483645
  PCTINCREASE 0 FREELISTS 1 FREELIST GROUPS 1 BUFFER_POOL DEFAULT FLASH_CACHE DEFAULT CELL_FLASH_CACHE DEFAULT)
  TABLESPACE "USERS" ;
--------------------------------------------------------
--  Constraints for Table CUSTOMER_SERVICE
--------------------------------------------------------

  ALTER TABLE "KH"."CUSTOMER_SERVICE" ADD PRIMARY KEY ("CUSTOMER_NO_SEQ")
  USING INDEX PCTFREE 10 INITRANS 2 MAXTRANS 255 
  STORAGE(INITIAL 65536 NEXT 1048576 MINEXTENTS 1 MAXEXTENTS 2147483645
  PCTINCREASE 0 FREELISTS 1 FREELIST GROUPS 1 BUFFER_POOL DEFAULT FLASH_CACHE DEFAULT CELL_FLASH_CACHE DEFAULT)
  TABLESPACE "USERS"  ENABLE;
  ALTER TABLE "KH"."CUSTOMER_SERVICE" MODIFY ("CUSTOMER_REGDATE" NOT NULL ENABLE);
  ALTER TABLE "KH"."CUSTOMER_SERVICE" MODIFY ("CUSTOMER_CONTENT" NOT NULL ENABLE);
  ALTER TABLE "KH"."CUSTOMER_SERVICE" MODIFY ("CUSTOMER_TITLE" NOT NULL ENABLE);
--------------------------------------------------------
--  Ref Constraints for Table CUSTOMER_SERVICE
--------------------------------------------------------

  ALTER TABLE "KH"."CUSTOMER_SERVICE" ADD FOREIGN KEY ("MEMBER_NO_SEQ")
	  REFERENCES "KH"."USER_MEMBER" ("MEMBER_NO_SEQ") ENABLE;

	  